N,P,K,temperature,humidity,ph,rainfall,label
94.97,34.92,44.79,21.94,75.82,6.77,254.92,rice
88.62,39.9,45.8,22.48,79.8,7.16,212.95,rice
96.48,40.29,48.42,25.09,82.22,5.84,257.74,rice
105.23,37.99,48.27,24.82,82.39,6.63,269.89,rice
87.66,41.19,36.11,23.56,80.4,6.14,246.34,rice
87.66,44.02,38.31,23.83,84.69,6.21,282.92,rice
105.79,51.43,45.58,26.16,77.93,6.16,216.66,rice
97.67,42.87,45.57,22.42,81.63,6.05,204.88,rice
85.31,43.29,45.58,24.69,82.68,6.42,191.53,rice
95.43,41.63,62.26,23.2,84.26,6.07,273.4,rice
85.37,32.41,45.85,23.16,85.05,6.51,252.36,rice
85.34,41.87,48.68,25.8,77.7,6.38,234.61,rice
92.42,42.3,47.77,25.25,76.06,6.3,243.0,rice
70.87,54.32,46.26,25.23,87.31,6.04,207.86,rice
72.75,41.04,41.42,26.21,83.53,6.17,297.14,rice
84.38,43.51,46.79,23.64,79.21,6.7,239.23,rice
79.87,41.83,39.14,24.96,88.4,6.6,238.73,rice
93.14,36.16,41.82,22.98,82.66,6.01,254.14,rice
80.92,47.71,40.57,24.25,86.92,6.44,248.03,rice
75.88,45.76,43.41,23.34,82.47,6.7,241.6,rice
104.66,45.96,54.57,23.79,90.44,5.73,216.24,rice
87.74,37.45,33.66,24.79,89.22,6.62,247.79,rice
90.68,49.01,46.43,21.96,81.2,6.13,283.05,rice
75.75,34.99,34.94,27.78,86.09,6.63,269.64,rice
84.56,44.93,40.64,21.59,84.78,6.09,275.83,rice
91.11,52.95,48.44,21.17,87.67,5.68,223.22,rice
78.49,37.05,43.32,25.92,78.34,5.75,211.26,rice
93.76,39.17,37.61,25.18,84.94,6.42,232.86,rice
83.99,42.5,39.42,24.85,86.43,6.5,237.39,rice
87.08,39.48,46.4,24.86,75.17,6.04,263.35,rice
83.98,34.25,39.35,23.58,77.47,6.66,193.69,rice
108.52,42.34,44.08,21.81,74.04,5.74,274.24,rice
89.87,36.69,43.23,23.75,81.12,6.37,232.05,rice
79.42,44.37,39.74,22.25,85.07,5.92,225.33,rice
98.23,37.4,53.72,25.55,88.21,6.14,210.7,rice
77.79,49.75,46.17,23.31,82.5,6.42,194.63,rice
92.09,38.08,32.87,21.95,88.71,6.06,256.58,rice
70.4,40.39,43.93,22.96,76.68,6.25,237.83,rice
76.72,46.07,39.69,24.43,75.39,6.8,203.75,rice
91.97,35.85,47.26,22.47,81.98,6.17,203.62,rice
97.38,43.14,39.04,21.96,83.74,6.73,227.61,rice
91.71,48.54,42.43,24.09,82.07,5.95,277.73,rice
88.84,33.96,45.52,24.09,73.93,6.61,229.51,rice
86.99,42.92,47.33,22.59,81.84,6.98,198.42,rice
75.21,43.3,37.0,22.66,76.98,5.41,229.86,rice
82.8,45.91,41.33,24.06,84.88,6.08,229.18,rice
85.39,35.82,40.63,20.7,83.67,6.63,168.58,rice
100.57,35.4,39.73,20.79,78.44,6.32,234.64,rice
93.44,44.61,51.83,22.16,80.14,6.55,230.23,rice
72.37,43.48,45.02,23.17,77.96,6.16,253.41,rice
93.24,43.25,36.7,24.22,81.95,6.43,282.22,rice
86.15,43.73,47.59,26.55,86.02,6.34,264.16,rice
83.23,38.6,53.61,25.32,78.26,6.87,229.28,rice
96.12,43.16,48.16,23.28,84.22,6.5,208.34,rice
100.31,43.47,35.4,23.56,80.08,6.54,300.0,rice
99.31,38.43,40.58,21.59,79.03,6.24,237.48,rice
81.61,51.33,49.33,23.56,81.77,6.2,236.35,rice
86.91,44.37,39.46,23.02,78.06,6.23,235.4,rice
93.31,36.04,45.22,24.25,79.99,6.56,240.95,rice
99.76,45.28,46.87,21.95,77.41,6.23,232.39,rice
85.21,37.13,38.37,24.64,90.06,6.52,221.66,rice
88.14,45.94,42.7,26.67,82.34,7.23,222.33,rice
78.94,47.79,26.79,23.38,79.4,6.75,235.18,rice
78.04,37.9,37.88,24.4,83.06,6.27,222.41,rice
98.13,46.82,41.74,24.98,81.75,6.88,218.18,rice
103.56,44.06,36.76,22.8,81.32,6.24,238.66,rice
89.28,46.11,51.16,24.05,84.66,5.58,229.63,rice
100.04,51.48,35.85,23.63,85.23,6.0,273.6,rice
93.62,40.77,40.8,23.8,80.08,5.65,169.73,rice
83.55,38.23,43.65,22.05,79.9,6.26,263.29,rice
93.61,37.55,50.21,23.65,81.1,6.41,267.15,rice
105.38,37.92,35.82,24.6,72.99,7.07,184.17,rice
89.64,41.61,48.82,26.5,76.14,6.53,227.43,rice
105.65,43.71,43.05,25.52,87.67,6.31,226.71,rice
63.8,43.38,38.09,27.91,88.78,6.73,200.81,rice
98.22,46.14,45.31,22.07,81.2,5.52,216.55,rice
90.87,42.07,44.0,25.34,84.51,6.49,208.24,rice
87.01,49.27,40.0,23.97,83.45,6.71,279.81,rice
90.92,40.68,43.35,27.98,94.52,5.81,259.39,rice
70.12,55.6,41.07,21.98,86.68,6.86,267.79,rice
87.8,45.13,43.57,21.92,81.69,6.54,254.04,rice
93.57,37.71,46.31,22.4,78.38,6.23,207.77,rice
104.78,36.65,50.93,19.35,75.77,6.65,222.89,rice
84.82,44.41,36.81,22.55,83.01,7.31,248.23,rice
81.92,40.88,53.67,22.08,79.17,6.47,205.45,rice
84.98,45.57,33.24,23.9,76.51,6.5,253.82,rice
99.15,44.37,42.24,24.28,79.61,6.22,229.99,rice
93.29,41.64,45.94,27.35,77.87,6.06,226.63,rice
84.7,37.77,44.4,25.5,88.95,6.73,253.77,rice
95.13,34.43,39.89,22.45,85.73,6.06,247.11,rice
90.97,39.77,41.96,21.8,82.17,6.43,226.98,rice
99.69,46.28,40.53,24.58,88.12,6.21,264.98,rice
82.98,43.07,40.05,20.96,82.51,6.59,208.97,rice
86.72,35.77,47.25,27.26,78.75,6.53,251.4,rice
86.08,42.87,44.79,25.96,88.29,6.82,250.83,rice
75.36,43.93,39.54,22.66,84.36,6.2,228.26,rice
92.96,37.58,47.5,20.17,78.05,6.29,244.15,rice
92.61,42.77,44.54,26.31,81.44,6.01,204.72,rice
90.05,42.29,47.06,23.37,78.7,6.22,259.1,rice
87.65,36.29,46.15,26.08,76.67,6.55,231.38,rice
72.82,52.69,21.11,25.1,69.99,6.25,77.32,maize
85.39,45.42,18.82,24.15,50.52,6.03,93.92,maize
71.37,48.48,20.09,22.42,75.44,6.25,82.25,maize
65.73,45.69,23.84,21.01,64.3,6.42,76.44,maize
64.55,45.83,20.57,23.7,70.54,6.22,89.37,maize
81.85,46.45,20.14,23.09,59.8,6.22,75.02,maize
66.76,49.11,15.92,24.09,68.06,5.92,84.28,maize
91.04,45.61,22.24,23.57,59.73,5.93,83.91,maize
60.34,54.28,21.94,24.4,61.88,5.64,94.86,maize
90.57,43.53,26.49,21.23,74.57,6.9,88.75,maize
78.69,47.07,19.08,24.93,64.05,5.7,83.75,maize
76.23,45.8,20.66,22.7,66.09,5.92,92.18,maize
72.64,55.23,20.75,26.45,69.35,5.91,97.9,maize
80.19,48.98,24.73,20.92,67.48,6.56,89.58,maize
76.7,53.16,19.71,25.77,65.75,6.08,84.1,maize
85.83,40.57,20.84,22.7,66.82,6.7,70.88,maize
77.91,49.34,21.82,21.0,77.02,5.93,73.35,maize
78.2,52.45,20.56,21.33,64.71,6.31,80.95,maize
74.09,48.41,18.66,21.66,66.01,5.87,77.9,maize
76.54,53.33,20.58,23.15,70.25,7.06,82.13,maize
79.46,45.41,23.22,23.35,70.53,5.72,84.57,maize
63.32,55.05,16.92,21.15,70.94,6.32,89.3,maize
66.21,59.49,20.4,22.25,68.19,6.45,83.3,maize
82.95,46.19,17.9,26.58,59.28,6.37,88.87,maize
78.37,45.77,23.59,25.76,73.17,6.13,84.64,maize
75.53,55.27,15.43,23.17,59.27,6.15,64.25,maize
77.15,55.9,18.32,22.38,66.51,6.22,74.61,maize
79.78,45.39,21.13,22.54,61.23,6.14,82.56,maize
72.68,45.9,24.7,23.53,64.68,6.59,71.9,maize
70.77,46.59,19.8,20.25,66.64,7.08,90.0,maize
78.57,41.28,18.33,21.79,66.61,5.98,99.31,maize
69.17,43.41,25.64,18.96,67.11,5.65,96.19,maize
80.27,42.98,15.66,23.1,73.07,6.16,81.87,maize
63.38,44.16,13.4,23.59,67.27,7.23,98.91,maize
85.23,47.83,21.32,21.33,63.78,5.88,85.49,maize
80.78,49.17,18.49,25.45,69.82,6.86,80.63,maize
79.05,55.75,16.94,19.85,70.95,6.87,77.87,maize
84.86,43.01,22.13,19.37,58.86,5.98,80.98,maize
90.32,52.92,20.73,22.75,67.99,6.43,80.12,maize
85.11,46.93,18.31,24.39,68.51,6.85,85.7,maize
62.27,47.75,16.16,25.67,63.51,6.05,85.61,maize
66.76,51.37,22.62,21.38,71.88,6.12,84.03,maize
72.0,42.39,21.95,24.46,64.25,5.97,88.37,maize
77.21,49.91,19.7,22.22,65.63,5.79,95.91,maize
81.14,48.83,25.54,21.95,64.13,5.94,93.5,maize
71.19,50.46,16.79,24.07,65.08,5.71,69.15,maize
78.49,49.45,15.42,23.6,59.52,6.21,58.46,maize
70.96,60.28,17.92,19.15,57.8,5.89,93.34,maize
72.11,44.81,19.86,25.25,72.97,6.29,70.33,maize
65.75,45.35,20.73,25.06,60.77,5.58,81.75,maize
69.61,44.88,19.28,21.05,60.04,6.33,72.3,maize
66.19,45.22,21.06,23.09,54.23,6.53,65.98,maize
69.19,44.81,16.25,23.29,61.81,5.4,89.41,maize
85.43,53.95,24.33,22.82,58.38,6.35,91.59,maize
69.4,55.1,19.75,21.2,73.21,6.69,78.23,maize
98.06,45.15,23.35,20.96,70.05,5.72,58.09,maize
80.95,43.84,21.03,22.25,61.56,6.87,78.54,maize
78.48,50.36,21.37,24.65,76.26,6.37,87.92,maize
70.13,45.24,21.71,23.39,69.91,5.92,69.21,maize
82.6,51.16,21.34,21.56,63.38,6.18,85.83,maize
72.39,49.01,21.93,23.84,52.5,6.42,83.85,maize
77.98,40.42,23.99,16.6,76.45,6.23,89.79,maize
97.48,55.74,20.59,24.6,58.05,6.42,85.2,maize
76.23,56.98,22.13,18.82,56.77,5.83,74.27,maize
86.19,44.94,19.73,21.58,70.11,6.27,95.97,maize
71.37,46.06,24.32,20.06,77.2,5.63,82.41,maize
76.72,49.43,17.97,19.71,71.92,6.16,83.73,maize
91.17,49.67,25.4,24.62,67.82,5.84,74.67,maize
71.98,51.29,19.88,21.36,67.97,5.91,79.57,maize
91.5,58.05,15.71,22.99,69.27,6.69,75.15,maize
82.66,47.12,20.38,22.21,68.79,6.64,82.27,maize
72.5,44.01,17.96,23.25,66.41,6.44,101.12,maize
82.06,41.1,22.52,22.45,65.52,5.76,70.28,maize
84.78,44.35,18.04,19.73,64.69,6.07,67.86,maize
81.97,47.83,18.66,24.29,61.23,6.69,98.71,maize
64.44,56.97,14.33,21.31,63.6,6.26,81.91,maize
71.18,45.41,18.64,19.19,56.54,7.13,77.31,maize
75.02,49.12,12.73,21.44,64.51,6.36,94.4,maize
76.4,47.92,15.25,25.3,60.06,6.28,77.94,maize
81.97,53.94,22.28,24.0,59.48,6.08,102.26,maize
78.42,60.63,22.36,21.6,65.9,6.25,90.78,maize
66.32,45.35,21.28,21.6,71.96,6.14,79.12,maize
80.04,45.55,17.1,21.66,69.59,6.48,105.57,maize
81.88,53.22,19.86,26.45,57.15,6.58,77.94,maize
81.48,51.41,19.99,23.06,60.05,5.89,91.42,maize
85.65,57.23,16.52,23.16,69.7,5.67,86.99,maize
83.67,50.92,24.51,24.36,60.09,5.47,97.02,maize
80.67,46.2,22.63,22.78,63.88,6.4,99.62,maize
76.44,50.95,19.34,21.78,67.75,5.76,84.32,maize
63.71,53.54,20.08,21.91,60.16,5.34,76.47,maize
80.44,52.1,20.63,22.16,65.53,6.36,88.6,maize
78.66,50.54,13.87,22.23,58.33,7.2,77.22,maize
79.17,53.33,19.26,23.76,61.99,6.2,104.13,maize
66.79,53.85,17.95,22.4,66.6,6.54,85.37,maize
68.35,54.91,17.0,23.77,57.04,6.23,80.35,maize
85.43,51.24,19.16,22.14,67.2,6.16,85.85,maize
76.68,47.16,25.39,22.46,64.9,6.57,70.53,maize
82.45,48.73,21.92,18.3,67.76,6.08,74.28,maize
77.23,54.03,18.29,24.13,66.12,6.31,96.0,maize
77.24,43.92,21.72,22.99,71.82,6.33,77.43,maize
34.77,72.67,79.09,19.53,20.6,7.51,74.6,chickpea
42.68,64.69,86.87,19.78,16.68,7.2,78.84,chickpea
45.93,63.09,76.77,20.04,15.38,7.65,73.66,chickpea
43.59,67.98,76.0,20.9,14.0,7.41,77.54,chickpea
44.98,66.98,77.59,19.64,14.0,7.27,64.85,chickpea
36.22,65.28,75.23,18.47,14.0,7.43,81.71,chickpea
32.89,72.18,80.61,20.11,17.33,6.83,80.01,chickpea
47.51,73.73,88.12,22.32,17.82,6.96,73.46,chickpea
38.39,68.53,81.62,18.66,14.0,6.94,85.27,chickpea
38.75,76.87,78.74,17.15,18.59,7.34,87.5,chickpea
46.64,61.15,78.54,20.89,15.83,7.82,67.14,chickpea
42.78,66.84,72.18,18.68,17.09,7.97,73.9,chickpea
42.28,63.7,84.42,14.99,20.02,7.49,73.85,chickpea
50.83,56.8,79.61,20.43,18.59,7.45,72.48,chickpea
36.78,67.5,79.1,17.94,16.26,6.76,86.64,chickpea
44.64,67.27,95.97,18.74,15.02,7.14,78.45,chickpea
40.29,77.08,81.49,19.5,14.0,7.06,77.88,chickpea
41.34,71.78,76.24,19.24,15.36,7.11,63.97,chickpea
47.64,61.85,77.87,20.18,16.38,7.25,85.08,chickpea
42.54,79.12,85.74,18.12,14.83,7.16,70.09,chickpea
42.69,75.33,80.57,19.82,16.54,6.71,80.48,chickpea
45.36,71.49,72.81,18.43,16.95,7.52,82.22,chickpea
38.18,66.64,84.6,20.23,16.35,6.98,90.89,chickpea
35.8,62.24,76.66,20.01,15.5,7.37,69.53,chickpea
34.78,65.77,89.37,17.22,17.14,7.92,55.84,chickpea
30.17,74.53,85.4,20.85,17.68,7.02,81.47,chickpea
50.28,79.31,77.76,17.94,14.62,6.54,94.4,chickpea
34.48,77.26,86.41,20.35,19.62,7.21,89.91,chickpea
38.89,65.07,80.34,19.56,16.6,7.63,81.68,chickpea
38.62,61.28,84.26,22.21,16.84,7.89,76.07,chickpea
41.54,68.85,82.42,18.5,18.22,6.93,86.46,chickpea
44.08,57.39,75.77,18.27,17.27,7.45,72.21,chickpea
44.3,69.94,76.78,18.87,18.71,7.16,83.81,chickpea
37.08,67.11,85.15,18.35,17.37,7.27,84.04,chickpea
39.16,65.2,78.33,20.34,15.58,8.09,88.48,chickpea
41.41,58.43,77.98,15.99,17.52,6.85,102.08,chickpea
38.76,71.08,75.22,17.0,14.51,7.38,83.14,chickpea
48.04,64.8,82.12,16.98,17.02,7.44,75.93,chickpea
42.45,60.98,90.31,20.61,16.73,7.63,79.8,chickpea
43.67,50.77,74.66,21.98,16.38,7.33,65.85,chickpea
43.31,67.83,80.12,18.71,16.54,7.39,74.44,chickpea
45.87,78.63,87.06,18.6,14.0,7.18,76.73,chickpea
40.91,77.97,79.6,19.03,15.7,7.38,75.81,chickpea
33.52,65.26,82.26,20.99,16.99,7.2,81.22,chickpea
42.0,64.39,74.69,17.23,17.12,7.49,73.42,chickpea
36.74,70.81,82.14,19.33,14.74,7.19,88.97,chickpea
37.36,62.01,79.06,20.66,19.33,7.41,80.0,chickpea
42.93,69.81,84.93,19.8,15.07,7.29,79.93,chickpea
46.19,72.6,85.94,19.24,18.74,7.64,77.38,chickpea
40.11,75.36,92.95,20.7,17.65,7.28,81.24,chickpea
41.54,67.4,82.9,14.03,15.51,6.77,86.6,chickpea
48.51,66.78,81.63,20.12,20.35,7.68,73.06,chickpea
41.2,62.73,80.97,17.72,14.41,7.03,74.74,chickpea
53.01,63.04,78.23,15.6,18.64,7.1,77.57,chickpea
42.83,66.64,81.69,19.82,18.8,7.12,69.23,chickpea
31.2,70.2,78.52,21.37,15.46,7.71,73.45,chickpea
43.77,73.48,80.84,18.65,19.58,6.66,76.19,chickpea
41.91,63.18,86.59,20.62,16.3,8.24,87.0,chickpea
46.45,76.96,74.97,21.8,17.38,7.62,82.1,chickpea
43.37,66.37,85.7,21.27,17.32,7.37,81.55,chickpea
39.31,67.87,86.59,21.85,16.53,7.28,86.81,chickpea
33.88,63.52,79.41,20.24,18.42,7.39,78.9,chickpea
38.95,53.45,69.39,19.04,18.39,7.46,83.12,chickpea
35.75,73.3,76.96,16.02,14.0,7.49,79.17,chickpea
37.1,72.42,86.48,18.46,19.41,7.47,82.12,chickpea
42.94,66.31,79.89,17.38,14.0,7.33,75.34,chickpea
48.35,68.4,75.0,22.81,18.87,7.24,60.49,chickpea
41.97,71.1,77.48,18.58,19.05,7.25,78.93,chickpea
34.02,58.62,84.2,19.12,14.62,7.24,91.38,chickpea
42.22,64.83,82.73,19.89,15.98,7.64,87.41,chickpea
45.98,72.77,78.81,18.98,14.59,7.48,87.72,chickpea
36.95,60.47,78.17,21.95,16.37,6.42,89.89,chickpea
39.33,69.76,78.04,17.78,16.18,7.5,80.71,chickpea
40.07,59.86,75.39,19.25,18.36,7.36,81.58,chickpea
36.08,70.8,88.08,17.56,19.42,7.29,75.06,chickpea
43.24,67.79,78.39,16.52,19.59,7.18,77.47,chickpea
39.4,58.31,86.09,17.8,15.68,7.64,84.93,chickpea
42.1,74.99,87.61,18.83,16.38,7.58,89.63,chickpea
35.56,63.59,84.99,18.13,14.0,7.07,78.88,chickpea
37.81,63.14,77.84,17.65,15.19,7.42,76.4,chickpea
43.61,69.2,82.02,16.37,18.73,7.01,80.0,chickpea
38.14,74.89,79.88,18.75,20.03,6.89,84.81,chickpea
48.63,61.91,75.48,16.19,14.33,7.11,68.45,chickpea
38.0,68.37,81.62,20.27,15.62,7.56,61.63,chickpea
41.12,70.57,74.1,19.05,16.75,7.59,75.6,chickpea
44.66,72.16,85.94,16.28,17.36,7.45,70.23,chickpea
32.91,69.06,77.68,18.34,15.18,7.52,75.93,chickpea
31.2,65.8,81.01,17.55,17.65,7.45,78.82,chickpea
32.37,63.03,81.42,19.47,15.85,7.11,76.37,chickpea
46.31,68.52,78.71,21.31,16.77,7.43,91.62,chickpea
37.24,61.57,82.93,15.52,17.89,7.54,82.61,chickpea
52.79,50.47,77.63,19.11,16.81,7.53,82.4,chickpea
37.18,70.62,84.36,18.61,15.93,7.66,84.98,chickpea
40.92,73.42,73.27,20.11,16.58,7.51,70.89,chickpea
47.71,53.82,80.63,19.28,16.62,7.41,88.31,chickpea
50.03,61.94,89.69,17.55,16.06,7.62,79.39,chickpea
50.31,71.71,75.0,18.33,16.28,7.29,85.36,chickpea
46.04,80.34,76.61,17.47,20.0,7.04,71.43,chickpea
45.12,68.12,82.57,20.84,17.92,7.25,67.57,chickpea
42.96,63.63,80.9,18.94,16.21,7.08,86.54,chickpea
21.51,76.02,23.16,19.02,23.03,5.14,109.87,kidneybeans
16.39,66.05,17.01,20.37,24.02,5.89,116.91,kidneybeans
16.52,70.6,18.85,19.28,20.77,5.51,126.12,kidneybeans
24.5,60.53,20.75,19.69,20.07,5.34,116.24,kidneybeans
15.24,62.22,25.99,22.61,18.89,5.51,108.49,kidneybeans
26.57,69.36,29.33,22.11,19.54,5.64,116.45,kidneybeans
16.4,74.42,21.82,18.15,28.97,5.52,107.45,kidneybeans
22.55,68.78,19.45,21.34,24.71,5.04,106.24,kidneybeans
18.69,65.43,21.6,21.32,18.22,5.97,102.49,kidneybeans
22.41,67.0,22.66,18.38,18.29,6.08,121.63,kidneybeans
17.82,60.75,19.04,21.33,22.8,5.9,97.82,kidneybeans
19.35,70.02,25.39,22.41,22.97,5.36,121.32,kidneybeans
20.16,71.41,20.69,18.42,22.97,5.64,111.0,kidneybeans
15.99,64.74,21.49,18.72,20.96,5.7,92.01,kidneybeans
22.96,64.65,22.0,21.63,21.29,5.88,109.68,kidneybeans
17.95,68.33,21.26,20.51,22.42,5.9,85.0,kidneybeans
19.09,64.82,22.52,20.93,21.81,5.48,112.26,kidneybeans
16.02,66.67,18.15,20.61,16.05,5.72,114.85,kidneybeans
9.75,77.5,18.33,20.69,21.03,5.84,100.08,kidneybeans
19.24,65.76,16.7,18.11,19.47,6.14,107.24,kidneybeans
29.65,65.21,21.32,21.67,22.04,5.91,125.54,kidneybeans
23.14,63.76,22.34,21.85,29.06,5.94,100.94,kidneybeans
19.92,70.72,21.37,19.76,22.52,5.73,95.41,kidneybeans
18.95,66.09,25.02,20.03,20.82,6.12,120.82,kidneybeans
20.09,63.75,19.98,17.8,23.9,5.82,125.63,kidneybeans
22.19,73.61,22.01,20.87,22.81,5.44,106.04,kidneybeans
15.28,74.1,16.72,20.96,22.65,6.12,116.11,kidneybeans
24.46,64.0,18.84,20.01,23.12,5.91,119.41,kidneybeans
22.86,57.67,22.09,21.79,26.74,5.57,98.58,kidneybeans
22.87,72.04,22.55,19.6,18.77,5.56,101.15,kidneybeans
21.75,63.58,19.12,20.95,22.78,5.79,118.31,kidneybeans
20.08,70.95,19.79,18.57,19.28,5.84,122.85,kidneybeans
22.69,57.15,15.45,20.06,22.99,5.76,111.63,kidneybeans
22.37,71.46,18.93,19.84,19.3,5.79,97.2,kidneybeans
18.58,60.94,22.67,20.44,20.56,6.21,125.87,kidneybeans
17.71,70.65,21.73,19.55,20.86,6.02,100.69,kidneybeans
20.41,67.07,21.5,19.9,24.04,5.76,102.65,kidneybeans
26.2,62.23,20.15,21.34,23.9,5.98,109.42,kidneybeans
15.04,64.96,20.02,19.44,18.49,5.39,121.54,kidneybeans
14.13,70.43,18.02,17.69,21.74,5.82,114.54,kidneybeans
20.66,67.53,22.1,22.72,19.83,6.24,110.15,kidneybeans
20.2,69.92,21.26,22.17,18.45,5.63,110.63,kidneybeans
20.69,76.88,21.48,18.16,21.06,5.45,106.44,kidneybeans
20.98,59.18,18.42,21.13,20.83,5.5,111.58,kidneybeans
19.11,75.09,13.54,19.35,27.67,5.37,80.7,kidneybeans
25.96,67.52,23.29,20.5,22.68,5.46,103.03,kidneybeans
13.6,62.51,18.56,20.54,18.16,5.59,108.41,kidneybeans
16.69,60.35,17.41,19.75,20.19,5.28,94.49,kidneybeans
19.59,66.05,22.08,18.92,24.15,5.7,109.86,kidneybeans
13.43,71.61,18.82,19.06,26.82,5.97,103.96,kidneybeans
19.3,66.36,23.18,18.73,17.64,5.43,123.55,kidneybeans
26.65,74.56,21.85,18.85,16.9,6.16,121.73,kidneybeans
20.08,59.74,22.05,20.0,26.28,5.85,101.34,kidneybeans
20.92,66.94,15.9,19.03,22.57,6.01,104.49,kidneybeans
14.96,60.74,23.64,21.12,19.43,5.5,105.26,kidneybeans
17.53,68.82,20.78,22.33,22.94,5.96,101.48,kidneybeans
18.5,71.43,18.89,19.23,15.01,5.37,107.95,kidneybeans
18.73,64.9,20.43,20.46,21.61,5.97,98.42,kidneybeans
25.13,53.98,14.67,20.85,22.42,5.75,94.69,kidneybeans
22.23,67.99,21.23,20.81,23.91,5.87,112.23,kidneybeans
15.55,69.18,16.91,20.21,19.07,5.35,112.3,kidneybeans
20.99,69.02,15.94,21.21,21.81,5.43,97.96,kidneybeans
21.99,73.18,15.43,20.82,19.29,5.88,114.95,kidneybeans
24.56,61.64,23.34,18.24,22.24,5.42,99.68,kidneybeans
26.32,70.4,18.11,21.4,19.36,5.84,108.53,kidneybeans
15.94,72.96,24.6,21.43,20.58,5.29,114.2,kidneybeans
16.76,58.11,18.39,18.96,19.11,5.95,105.66,kidneybeans
14.97,68.6,14.88,20.16,23.23,5.33,110.55,kidneybeans
19.06,64.48,16.65,21.12,23.75,5.87,100.84,kidneybeans
21.87,66.59,23.71,19.79,21.01,5.89,104.04,kidneybeans
23.95,68.74,19.53,21.71,21.7,5.49,103.94,kidneybeans
19.7,64.56,18.36,23.65,17.98,5.87,98.53,kidneybeans
18.72,63.62,20.48,18.92,20.85,5.78,104.23,kidneybeans
20.61,67.17,21.51,18.03,21.47,5.54,90.51,kidneybeans
16.66,61.56,23.35,20.56,28.15,5.4,101.09,kidneybeans
28.36,61.57,24.35,21.18,18.82,5.11,103.15,kidneybeans
13.57,70.4,18.92,19.75,25.26,5.8,103.44,kidneybeans
20.74,61.26,16.02,22.28,24.09,5.23,103.59,kidneybeans
28.09,70.33,18.76,18.09,22.3,5.73,105.38,kidneybeans
20.03,69.31,20.78,21.14,26.0,5.62,110.79,kidneybeans
19.24,58.37,17.11,19.19,22.53,5.9,114.75,kidneybeans
18.57,63.61,17.13,22.68,22.57,5.61,99.5,kidneybeans
19.28,72.97,21.03,23.09,21.47,5.6,93.97,kidneybeans
25.49,62.09,19.85,18.95,24.66,5.92,95.58,kidneybeans
11.15,64.68,20.1,19.28,24.34,5.8,101.13,kidneybeans
26.13,69.31,17.72,21.39,20.04,5.79,102.48,kidneybeans
14.3,70.92,19.31,19.52,18.3,5.84,98.3,kidneybeans
18.93,65.74,17.23,20.03,21.09,5.24,93.04,kidneybeans
18.28,64.01,22.67,20.14,19.6,5.93,101.44,kidneybeans
22.35,74.11,23.11,17.22,21.44,5.88,107.81,kidneybeans
13.61,75.69,14.46,20.08,24.69,5.39,111.95,kidneybeans
21.85,71.89,17.21,19.07,20.46,5.63,100.43,kidneybeans
28.1,67.43,15.51,19.36,21.49,5.69,101.87,kidneybeans
14.55,62.96,18.05,22.27,21.75,5.66,96.73,kidneybeans
20.76,62.85,19.75,18.22,23.72,5.8,105.69,kidneybeans
17.35,69.61,15.65,21.32,15.98,6.13,97.52,kidneybeans
21.7,69.09,17.23,19.68,20.08,6.02,111.73,kidneybeans
20.08,74.01,16.99,19.68,22.13,5.31,88.14,kidneybeans
17.43,70.25,20.62,21.29,24.6,5.89,102.4,kidneybeans
21.95,59.48,20.21,20.61,20.37,6.1,109.01,kidneybeans
20.74,66.77,14.28,26.29,49.03,5.94,156.37,pigeonpeas
30.77,64.88,17.42,29.41,50.23,5.42,157.55,pigeonpeas
21.4,64.15,18.76,31.0,49.21,5.89,151.93,pigeonpeas
15.98,68.65,25.66,29.84,54.49,5.39,147.52,pigeonpeas
19.62,59.41,21.67,26.24,43.34,6.24,155.54,pigeonpeas
12.9,70.75,15.99,28.42,44.72,6.22,111.02,pigeonpeas
19.68,64.92,21.46,25.11,44.24,6.01,159.23,pigeonpeas
16.67,61.35,15.36,28.84,52.25,5.94,150.89,pigeonpeas
23.66,64.75,23.25,28.6,52.6,6.5,145.66,pigeonpeas
17.8,73.29,18.59,23.96,50.36,5.8,179.7,pigeonpeas
19.53,64.32,19.72,25.38,54.02,5.33,138.88,pigeonpeas
17.46,68.79,23.98,27.13,42.21,5.98,142.95,pigeonpeas
26.96,63.35,16.14,27.1,56.44,6.63,178.87,pigeonpeas
18.72,70.79,15.81,25.28,55.72,5.39,136.52,pigeonpeas
27.33,70.43,18.25,28.48,51.78,5.66,140.75,pigeonpeas
23.26,76.24,23.12,28.2,57.01,5.97,146.79,pigeonpeas
21.93,66.12,15.44,27.31,39.82,5.78,161.61,pigeonpeas
21.47,70.34,11.5,26.19,45.48,5.41,152.12,pigeonpeas
21.58,67.49,18.65,29.8,44.42,6.25,129.61,pigeonpeas
12.29,73.48,21.66,31.01,51.71,6.73,141.02,pigeonpeas
18.88,63.41,23.6,26.73,42.85,5.88,139.89,pigeonpeas
23.38,70.73,18.61,26.48,51.89,5.44,147.84,pigeonpeas
19.8,66.03,18.77,28.68,54.95,5.18,155.39,pigeonpeas
14.38,66.68,23.46,26.98,51.58,5.9,155.27,pigeonpeas
19.79,67.46,14.39,27.42,49.52,6.24,122.36,pigeonpeas
26.82,68.26,18.83,29.18,43.16,5.99,164.96,pigeonpeas
24.99,66.42,20.57,23.88,43.87,5.8,152.79,pigeonpeas
19.75,68.07,21.35,30.34,54.35,5.56,169.77,pigeonpeas
23.81,74.89,18.47,27.85,52.0,5.36,155.66,pigeonpeas
18.53,71.93,20.1,26.88,47.9,6.13,165.52,pigeonpeas
13.18,71.35,12.54,27.52,46.01,6.17,156.0,pigeonpeas
16.3,64.72,18.03,27.62,37.97,5.18,169.19,pigeonpeas
26.25,62.55,21.36,24.24,42.75,6.44,156.83,pigeonpeas
18.9,71.78,17.05,30.69,57.66,6.03,147.53,pigeonpeas
19.03,71.38,20.18,27.78,41.7,6.36,183.09,pigeonpeas
18.8,74.36,21.34,28.59,49.05,5.26,162.34,pigeonpeas
27.62,63.98,18.97,29.6,53.14,5.25,157.61,pigeonpeas
26.5,65.85,20.51,25.66,41.83,5.74,129.86,pigeonpeas
28.88,58.8,17.11,28.65,49.02,6.0,129.68,pigeonpeas
19.36,65.04,19.38,27.16,52.79,6.52,153.39,pigeonpeas
21.18,71.98,21.83,29.39,48.16,6.08,151.18,pigeonpeas
13.93,64.67,20.47,23.45,62.44,5.7,139.79,pigeonpeas
25.91,70.2,18.24,27.5,39.76,5.39,151.11,pigeonpeas
15.33,66.05,20.67,26.49,53.39,6.29,172.83,pigeonpeas
20.87,68.62,22.14,28.56,47.24,5.41,159.43,pigeonpeas
15.61,61.26,13.85,28.64,51.96,6.45,131.88,pigeonpeas
17.64,67.43,23.48,26.28,50.31,5.69,147.33,pigeonpeas
16.65,52.04,18.99,26.28,44.43,6.44,136.93,pigeonpeas
17.57,66.07,21.28,27.48,49.24,6.07,143.18,pigeonpeas
17.84,58.85,23.59,25.91,38.81,5.75,142.8,pigeonpeas
17.81,73.03,15.88,29.38,51.12,5.59,141.84,pigeonpeas
23.33,70.89,17.87,26.96,49.59,5.66,130.17,pigeonpeas
15.58,69.33,19.13,21.89,51.29,5.97,147.09,pigeonpeas
20.88,74.61,17.65,26.95,53.39,5.83,140.59,pigeonpeas
24.87,62.26,25.2,25.62,49.94,5.56,105.06,pigeonpeas
17.95,75.74,17.43,24.44,48.84,5.73,179.79,pigeonpeas
17.13,71.66,18.33,25.23,43.69,5.83,165.33,pigeonpeas
19.08,65.82,20.61,27.92,44.54,4.95,143.36,pigeonpeas
24.72,72.68,16.39,30.36,54.03,5.98,149.28,pigeonpeas
20.78,61.47,18.81,28.33,55.28,5.41,131.43,pigeonpeas
17.88,62.88,20.95,26.49,46.91,5.34,174.44,pigeonpeas
21.94,63.96,19.0,28.61,48.33,5.13,177.46,pigeonpeas
15.59,64.36,19.72,26.78,43.58,5.08,151.35,pigeonpeas
22.73,61.72,18.41,26.31,53.96,5.26,164.35,pigeonpeas
21.63,73.12,15.46,25.39,51.43,5.52,151.63,pigeonpeas
18.77,65.71,20.96,24.2,57.81,6.58,128.95,pigeonpeas
16.65,68.76,25.26,26.92,43.71,5.59,142.82,pigeonpeas
16.45,64.15,20.06,28.02,46.21,5.87,150.98,pigeonpeas
22.14,57.9,20.68,27.51,49.26,5.96,142.18,pigeonpeas
24.92,68.35,22.08,26.87,51.33,5.85,145.72,pigeonpeas
17.45,57.44,16.19,25.81,47.02,5.77,147.63,pigeonpeas
21.83,66.66,25.11,28.92,43.74,5.32,147.79,pigeonpeas
11.65,60.16,20.61,25.07,52.51,6.38,149.78,pigeonpeas
17.66,76.94,24.9,29.25,51.71,6.52,133.09,pigeonpeas
19.88,71.56,17.8,25.7,43.52,5.13,138.24,pigeonpeas
16.36,67.53,25.45,26.2,54.88,5.39,129.73,pigeonpeas
16.25,73.32,22.33,24.77,53.95,5.69,163.67,pigeonpeas
17.33,62.77,21.66,26.7,48.77,5.41,117.42,pigeonpeas
21.17,69.72,20.7,29.65,48.5,6.0,166.3,pigeonpeas
19.25,68.0,19.25,28.73,50.87,5.51,169.8,pigeonpeas
11.05,68.32,23.6,29.66,43.79,6.67,144.47,pigeonpeas
11.52,73.36,20.42,28.74,48.25,6.28,109.95,pigeonpeas
17.57,70.66,14.1,25.49,37.34,5.89,143.58,pigeonpeas
21.83,68.44,16.65,27.04,52.48,6.21,148.04,pigeonpeas
9.01,58.73,19.44,26.14,40.29,6.24,133.84,pigeonpeas
18.0,62.2,20.93,30.36,55.62,5.57,141.27,pigeonpeas
17.9,66.39,19.83,25.31,46.45,5.47,171.95,pigeonpeas
25.55,67.47,23.66,29.49,47.04,5.83,158.97,pigeonpeas
18.46,61.35,14.15,29.49,44.96,6.14,135.13,pigeonpeas
21.53,79.06,20.43,31.36,46.66,5.86,125.04,pigeonpeas
20.57,74.58,14.55,26.88,55.19,5.17,144.09,pigeonpeas
11.48,70.01,22.28,29.12,35.66,5.48,145.8,pigeonpeas
23.07,67.36,19.72,32.26,54.48,5.77,156.44,pigeonpeas
20.86,65.94,21.26,26.46,49.79,5.77,140.97,pigeonpeas
22.03,62.24,17.41,24.63,42.06,6.59,156.67,pigeonpeas
35.7,67.39,23.84,23.94,42.72,5.25,178.03,pigeonpeas
11.66,68.29,23.13,29.13,56.48,6.0,161.23,pigeonpeas
26.9,60.79,21.75,23.93,43.37,6.4,148.28,pigeonpeas
18.85,68.67,19.61,26.96,42.33,6.71,146.25,pigeonpeas
21.15,66.22,21.74,28.57,53.79,5.64,143.65,pigeonpeas
25.72,43.88,23.2,25.42,50.98,6.45,42.0,mothbeans
18.49,44.4,24.36,25.0,52.68,6.79,46.33,mothbeans
21.18,58.25,17.25,25.77,59.88,6.81,59.11,mothbeans
21.2,48.0,17.49,28.52,49.43,6.99,56.32,mothbeans
18.99,51.91,19.58,26.41,59.66,6.25,50.62,mothbeans
15.51,44.05,20.92,29.23,51.91,7.04,52.46,mothbeans
22.29,44.1,18.43,28.27,58.5,5.72,49.23,mothbeans
20.76,53.41,24.06,24.26,47.57,6.55,59.14,mothbeans
23.0,41.25,21.27,29.51,55.54,6.6,49.8,mothbeans
18.87,45.92,20.12,29.82,50.25,7.05,52.39,mothbeans
25.88,48.17,15.69,26.21,47.54,6.81,57.88,mothbeans
17.49,48.56,16.05,29.04,54.07,6.24,46.34,mothbeans
27.85,47.1,20.84,26.49,57.24,6.41,60.35,mothbeans
14.01,49.98,13.6,28.4,49.82,6.88,41.82,mothbeans
22.74,51.46,23.04,25.67,47.2,6.77,60.78,mothbeans
22.9,51.67,19.53,24.61,52.83,6.57,48.76,mothbeans
17.82,43.07,29.73,27.43,52.85,6.61,49.54,mothbeans
22.7,46.58,26.92,27.95,55.39,7.08,39.66,mothbeans
26.12,53.97,19.46,27.4,57.0,6.59,48.27,mothbeans
12.13,52.47,19.68,25.83,52.96,6.76,44.76,mothbeans
23.01,41.14,22.99,27.4,60.62,7.67,47.35,mothbeans
11.03,49.76,25.11,28.74,54.1,6.23,50.18,mothbeans
17.14,38.11,15.09,28.11,51.81,6.06,56.75,mothbeans
27.52,48.23,14.64,28.57,46.75,7.11,52.25,mothbeans
18.67,57.49,18.13,26.86,52.15,6.53,52.85,mothbeans
16.3,43.26,21.75,30.54,51.85,6.67,44.43,mothbeans
20.21,43.83,21.49,25.85,57.04,6.49,45.72,mothbeans
29.27,51.82,23.21,29.18,55.05,6.7,61.79,mothbeans
13.67,40.29,16.4,30.56,48.48,7.44,46.59,mothbeans
16.79,44.84,13.05,29.16,53.89,7.12,60.94,mothbeans
26.99,50.98,22.57,27.79,55.89,7.14,49.54,mothbeans
28.43,44.83,17.52,27.14,59.31,6.23,51.01,mothbeans
20.59,46.82,13.94,30.27,56.75,6.34,57.42,mothbeans
16.04,51.72,20.44,25.35,56.24,5.66,58.63,mothbeans
29.38,50.11,22.38,26.26,53.44,6.48,50.34,mothbeans
27.38,49.33,19.63,27.4,54.75,7.18,48.67,mothbeans
23.72,46.3,18.63,30.68,58.2,7.01,50.66,mothbeans
17.75,49.85,19.52,28.96,47.87,6.71,53.03,mothbeans
20.8,47.38,18.89,26.26,51.8,6.79,56.35,mothbeans
20.36,50.29,15.96,27.58,50.11,6.52,51.03,mothbeans
22.32,45.52,17.86,26.97,54.72,6.88,54.71,mothbeans
26.8,47.09,21.56,26.78,58.12,7.11,60.83,mothbeans
24.52,43.05,20.97,30.16,50.81,6.15,53.29,mothbeans
16.69,47.82,20.5,25.46,43.64,6.92,52.87,mothbeans
26.51,43.94,17.01,31.42,51.55,7.17,41.89,mothbeans
22.25,42.43,19.46,29.86,56.85,6.63,35.22,mothbeans
23.75,49.29,13.47,30.38,55.35,7.08,53.33,mothbeans
26.87,49.06,20.54,27.27,54.91,7.93,50.43,mothbeans
16.55,51.91,24.29,27.9,52.08,6.76,47.91,mothbeans
20.86,45.84,15.58,25.33,48.08,6.96,52.46,mothbeans
18.87,50.04,18.24,27.15,55.26,6.5,50.64,mothbeans
14.73,50.75,20.99,29.19,49.86,6.87,57.77,mothbeans
22.39,50.22,23.76,30.79,61.94,6.98,51.52,mothbeans
31.05,43.87,18.66,25.99,55.48,6.88,46.52,mothbeans
13.64,48.75,17.92,27.47,50.88,6.39,56.94,mothbeans
20.87,49.82,14.09,27.9,50.75,6.88,49.7,mothbeans
23.56,48.04,20.31,25.41,52.83,7.38,54.16,mothbeans
21.49,37.57,26.13,29.38,52.24,6.98,48.14,mothbeans
20.55,48.8,20.83,26.75,57.67,7.18,47.1,mothbeans
15.8,59.06,19.93,27.81,53.95,6.71,51.51,mothbeans
21.93,46.2,20.97,27.3,50.27,7.1,51.08,mothbeans
17.97,44.36,19.97,26.62,60.76,6.91,53.88,mothbeans
12.24,49.87,17.56,28.19,53.4,6.42,49.39,mothbeans
25.78,49.56,22.47,27.77,56.28,6.93,39.98,mothbeans
24.83,53.96,20.68,27.46,50.77,6.4,48.4,mothbeans
21.21,41.71,20.05,26.74,54.65,6.55,55.76,mothbeans
21.92,51.66,17.07,28.84,54.44,6.88,49.22,mothbeans
25.3,50.95,23.91,31.51,45.64,6.92,49.52,mothbeans
21.9,47.29,21.99,28.48,61.26,6.32,56.92,mothbeans
24.62,49.69,18.34,30.19,58.36,7.22,46.73,mothbeans
19.81,53.15,23.01,25.42,51.61,7.03,41.74,mothbeans
26.25,52.36,18.51,28.52,48.79,6.52,50.04,mothbeans
22.28,42.28,17.65,26.01,54.59,6.18,48.09,mothbeans
21.78,52.1,17.72,25.25,53.55,6.74,45.2,mothbeans
15.92,47.68,14.69,26.72,54.62,6.62,49.95,mothbeans
22.15,48.36,21.41,30.58,53.97,6.85,53.95,mothbeans
17.67,48.37,14.51,30.1,55.22,6.65,50.94,mothbeans
18.45,47.25,16.31,28.69,58.99,6.0,52.84,mothbeans
17.74,53.96,13.77,25.13,55.47,6.64,61.88,mothbeans
16.74,47.58,19.74,27.81,49.0,6.68,48.94,mothbeans
29.5,42.4,19.55,28.8,58.65,7.05,52.67,mothbeans
26.33,46.03,19.02,28.55,59.76,6.52,47.94,mothbeans
28.68,48.89,16.87,24.51,65.81,7.47,45.92,mothbeans
16.11,54.15,16.48,26.42,48.71,6.04,47.49,mothbeans
21.29,51.02,21.39,28.07,54.17,7.32,48.13,mothbeans
15.83,43.75,18.35,29.27,44.87,6.71,53.16,mothbeans
18.22,60.43,20.95,23.81,55.41,7.14,65.09,mothbeans
17.33,49.32,17.34,27.88,51.01,6.83,46.7,mothbeans
25.96,54.38,20.54,28.49,60.89,7.26,48.5,mothbeans
19.42,47.24,23.91,29.9,50.1,6.65,50.62,mothbeans
25.27,50.67,21.76,29.59,46.44,6.36,53.37,mothbeans
23.42,52.2,18.76,29.37,51.31,7.37,52.58,mothbeans
30.21,54.09,20.77,26.6,45.3,6.75,58.7,mothbeans
15.08,53.29,19.28,24.38,56.2,6.89,36.44,mothbeans
26.04,52.36,20.02,27.41,44.94,7.29,36.68,mothbeans
25.59,46.42,19.02,30.2,53.31,6.39,48.02,mothbeans
17.11,45.14,19.51,30.99,44.89,7.04,57.58,mothbeans
25.03,49.66,20.64,29.62,51.92,6.56,41.61,mothbeans
22.34,52.67,17.02,29.06,59.77,6.75,32.95,mothbeans
20.09,46.89,16.95,28.96,54.64,6.83,54.43,mothbeans
20.97,45.88,21.46,26.58,84.85,6.4,50.54,mungbean
15.64,41.17,23.22,25.79,88.31,6.27,47.71,mungbean
16.06,43.13,17.36,25.33,90.41,6.9,41.02,mungbean
16.12,51.52,21.05,29.33,89.44,6.87,44.46,mungbean
20.44,41.46,19.62,28.07,82.22,6.87,46.69,mungbean
17.49,40.01,22.54,29.26,84.74,6.66,40.02,mungbean
21.98,44.85,19.65,29.88,84.46,7.12,44.3,mungbean
8.58,51.66,18.85,29.03,86.97,6.55,51.26,mungbean
16.57,47.02,21.62,29.82,87.56,6.99,55.14,mungbean
15.5,45.68,22.63,28.36,82.98,6.69,45.9,mungbean
18.97,48.22,17.99,26.13,85.7,6.52,51.78,mungbean
17.85,39.27,19.82,30.62,79.44,6.88,38.43,mungbean
23.19,50.47,16.82,27.32,89.83,6.82,51.3,mungbean
12.56,49.92,12.51,26.63,83.96,6.81,43.98,mungbean
20.18,45.95,20.6,28.14,85.67,6.72,49.54,mungbean
22.23,53.03,21.83,26.67,84.57,6.69,46.76,mungbean
27.43,42.36,20.79,27.67,88.94,7.42,54.6,mungbean
18.07,53.64,14.15,29.19,76.99,7.06,43.63,mungbean
21.3,48.77,18.95,29.2,85.45,6.92,51.14,mungbean
12.78,46.32,13.34,26.7,85.18,6.73,46.6,mungbean
10.43,47.9,24.11,27.52,84.14,7.0,47.21,mungbean
23.38,47.46,16.74,30.65,90.68,6.86,47.08,mungbean
19.98,54.1,23.77,29.49,82.84,6.71,43.77,mungbean
24.71,42.62,22.84,32.65,87.82,6.61,47.93,mungbean
14.51,44.19,17.3,30.86,86.57,6.68,47.69,mungbean
22.08,53.18,16.6,30.79,89.28,5.75,49.21,mungbean
27.48,45.02,21.05,25.72,83.5,6.76,48.42,mungbean
21.68,52.5,17.47,30.03,83.3,6.55,51.99,mungbean
21.11,56.5,20.31,28.39,88.79,7.18,52.62,mungbean
20.03,45.99,18.55,27.4,86.78,6.71,42.75,mungbean
13.72,51.41,14.66,28.84,80.87,6.34,52.34,mungbean
25.42,42.23,13.31,30.39,83.88,6.69,42.07,mungbean
17.56,51.77,20.68,29.5,86.66,6.39,50.94,mungbean
22.02,49.0,18.32,26.74,88.01,6.84,51.1,mungbean
13.75,50.37,18.34,29.98,83.46,6.79,38.44,mungbean
15.28,44.77,22.09,27.22,76.76,6.99,48.46,mungbean
25.74,39.69,23.52,28.93,87.07,6.46,45.66,mungbean
18.61,50.52,19.18,27.89,81.84,6.71,44.21,mungbean
25.81,37.68,18.98,28.06,79.45,6.29,54.75,mungbean
19.69,46.41,21.5,30.03,77.0,6.91,44.73,mungbean
12.63,52.71,15.93,26.42,87.94,6.86,43.97,mungbean
23.57,48.96,20.67,32.39,85.89,6.85,48.38,mungbean
17.64,57.74,21.66,24.86,84.82,6.7,51.43,mungbean
22.79,53.13,22.04,27.3,89.67,6.82,47.29,mungbean
20.1,44.73,14.19,29.24,87.41,7.18,53.83,mungbean
13.83,48.14,17.72,29.67,90.35,6.61,50.65,mungbean
20.66,47.76,17.37,28.3,81.32,6.74,37.11,mungbean
28.78,40.09,20.3,28.39,85.4,6.37,45.35,mungbean
21.97,43.3,21.44,29.32,80.65,6.44,45.19,mungbean
19.77,45.2,24.49,28.04,84.81,6.73,50.4,mungbean
24.3,37.82,18.52,31.29,84.75,7.03,34.88,mungbean
20.84,48.24,18.51,30.18,87.38,6.62,60.75,mungbean
20.84,46.75,23.45,30.25,85.64,6.63,50.66,mungbean
15.63,39.64,20.89,26.57,87.37,6.58,48.74,mungbean
20.94,50.02,23.8,28.34,87.61,6.54,53.91,mungbean
24.14,51.58,20.87,27.9,91.96,6.79,59.72,mungbean
16.66,49.14,16.53,26.49,84.55,6.25,52.35,mungbean
25.7,46.38,16.0,29.22,82.68,7.08,52.74,mungbean
19.63,50.96,15.35,27.42,86.24,6.5,48.65,mungbean
16.45,51.4,21.99,29.81,83.09,6.92,47.29,mungbean
23.99,49.54,23.57,26.36,89.95,6.32,45.62,mungbean
18.85,43.88,25.55,31.94,84.65,6.9,43.87,mungbean
23.04,49.38,22.53,26.71,83.8,6.9,44.56,mungbean
18.83,53.98,23.49,28.94,84.09,6.82,41.25,mungbean
19.76,45.02,18.26,30.08,87.66,6.4,47.62,mungbean
21.97,58.49,16.53,27.36,85.03,6.77,39.58,mungbean
21.16,45.37,22.55,30.2,83.57,6.35,48.95,mungbean
12.02,48.16,21.25,26.04,90.5,6.62,47.82,mungbean
15.52,44.64,20.32,31.4,82.93,7.01,48.73,mungbean
23.72,49.12,21.16,28.53,85.61,6.94,45.39,mungbean
19.47,39.29,20.97,27.31,87.46,6.7,63.38,mungbean
17.91,45.27,23.85,27.9,80.61,6.41,54.8,mungbean
14.57,42.54,23.88,30.12,86.94,6.89,41.78,mungbean
15.68,48.68,21.63,27.33,82.33,6.71,49.16,mungbean
11.91,52.97,22.54,27.0,87.97,6.0,44.96,mungbean
19.59,51.23,21.54,28.06,82.61,6.93,42.93,mungbean
17.61,36.14,18.62,26.15,87.58,6.69,41.3,mungbean
16.13,58.21,22.27,32.14,88.82,7.06,50.16,mungbean
19.73,49.48,15.82,27.37,88.08,6.37,44.59,mungbean
21.46,44.12,23.16,30.16,86.25,5.75,52.84,mungbean
28.37,48.79,16.42,28.92,84.81,6.78,52.97,mungbean
13.95,48.88,20.86,26.53,83.77,6.79,54.87,mungbean
24.64,44.67,17.46,28.49,89.91,6.19,43.74,mungbean
23.89,48.99,21.66,30.07,83.4,6.41,50.38,mungbean
16.88,44.96,19.9,28.12,82.39,7.53,51.16,mungbean
20.81,45.98,15.22,30.89,87.5,6.61,45.63,mungbean
18.17,44.57,21.26,30.54,83.11,6.92,44.14,mungbean
20.74,40.84,18.27,30.34,82.65,6.5,56.05,mungbean
26.04,48.73,22.64,27.58,81.17,6.07,49.14,mungbean
22.42,50.93,20.0,26.34,84.05,6.65,51.18,mungbean
22.03,50.57,21.19,27.27,85.25,6.62,43.89,mungbean
18.28,52.1,17.13,28.89,86.23,6.58,41.9,mungbean
14.06,49.62,18.23,29.59,88.35,6.67,45.15,mungbean
19.17,45.34,18.62,24.16,87.08,6.78,47.38,mungbean
24.83,52.2,22.57,28.48,84.93,6.65,42.68,mungbean
13.89,41.21,25.03,28.82,84.91,6.32,47.95,mungbean
15.78,43.5,17.58,27.94,87.03,6.85,39.56,mungbean
20.51,43.18,23.23,31.08,89.32,6.12,42.4,mungbean
16.06,53.4,13.49,29.34,85.88,6.08,51.35,mungbean
16.83,52.71,16.42,31.12,84.09,6.92,51.02,mungbean
38.04,64.88,22.09,29.24,64.27,6.62,71.92,blackgram
34.91,64.73,20.51,28.88,63.85,6.94,70.73,blackgram
34.86,58.02,19.74,30.2,68.53,7.31,68.16,blackgram
38.13,65.35,19.23,31.44,67.31,7.14,57.33,blackgram
43.22,70.66,20.2,34.66,64.07,6.76,63.61,blackgram
44.64,60.63,19.6,31.55,69.43,7.1,72.89,blackgram
37.52,72.24,15.91,32.22,64.58,6.49,59.64,blackgram
34.23,69.44,19.14,28.89,61.69,7.56,49.28,blackgram
41.34,63.33,15.78,27.85,62.06,7.02,65.41,blackgram
35.88,66.29,19.24,30.02,61.19,7.55,66.01,blackgram
37.41,74.99,17.56,30.11,64.01,6.89,67.95,blackgram
46.63,70.67,26.62,27.74,70.03,6.89,72.1,blackgram
44.14,67.04,18.88,29.55,61.88,6.79,71.46,blackgram
40.79,65.81,14.79,30.7,65.85,7.45,68.81,blackgram
33.64,67.38,18.6,30.62,62.47,6.82,75.37,blackgram
41.06,64.44,20.56,30.91,64.06,7.36,56.37,blackgram
45.31,56.48,24.02,30.48,59.06,6.95,70.53,blackgram
38.12,77.21,17.23,28.89,64.22,6.31,71.39,blackgram
46.76,67.78,14.25,28.87,64.33,6.87,58.32,blackgram
46.46,68.99,21.45,27.5,67.26,6.63,56.48,blackgram
48.32,66.71,14.86,33.47,65.99,7.11,61.78,blackgram
41.53,63.32,17.69,29.93,60.31,6.62,62.37,blackgram
42.94,66.07,18.23,29.45,69.44,7.47,72.27,blackgram
47.07,59.0,18.79,28.04,65.94,7.06,62.7,blackgram
42.24,78.39,21.07,35.77,65.89,7.03,61.01,blackgram
37.49,60.83,16.95,27.75,65.06,7.36,62.72,blackgram
37.76,61.84,18.18,29.04,63.03,7.49,74.83,blackgram
41.19,64.8,18.96,30.73,65.97,7.09,67.09,blackgram
33.55,73.44,19.45,31.1,67.0,6.79,65.75,blackgram
39.28,67.07,19.29,31.82,58.11,6.39,66.23,blackgram
45.48,60.82,20.31,33.52,62.94,6.83,76.04,blackgram
29.04,73.27,21.53,30.91,64.08,6.85,61.76,blackgram
47.67,70.66,20.18,27.79,66.12,7.14,76.21,blackgram
45.61,69.69,20.36,29.39,69.87,6.96,68.47,blackgram
37.7,70.58,14.25,30.52,62.01,7.38,65.88,blackgram
42.72,78.97,19.15,34.04,63.11,6.85,84.51,blackgram
40.02,77.93,20.44,27.1,63.05,7.08,59.61,blackgram
46.15,63.57,21.19,32.31,61.89,7.57,64.52,blackgram
44.91,75.12,16.92,30.26,63.71,7.24,58.37,blackgram
33.0,68.92,17.02,31.58,68.18,7.08,73.67,blackgram
42.94,69.5,17.28,29.7,60.88,6.86,78.82,blackgram
38.97,58.54,20.61,28.22,66.81,6.85,78.69,blackgram
40.41,66.15,22.1,31.4,58.29,6.76,75.57,blackgram
36.36,62.94,17.78,31.21,62.85,6.88,65.62,blackgram
48.74,71.14,21.72,31.84,63.78,7.4,64.44,blackgram
45.2,72.36,19.37,29.87,71.8,7.01,55.3,blackgram
36.3,56.63,18.63,28.7,64.0,6.56,81.25,blackgram
33.33,66.89,18.37,26.78,56.3,7.81,70.28,blackgram
38.07,72.61,21.24,31.54,57.1,7.23,63.56,blackgram
42.17,66.07,19.98,30.75,65.24,6.54,76.3,blackgram
41.2,70.65,25.83,27.97,67.56,6.92,60.19,blackgram
46.27,68.76,16.44,28.82,66.6,7.14,69.85,blackgram
43.95,68.71,20.55,28.97,65.77,7.78,65.79,blackgram
44.85,65.64,17.41,26.93,69.75,6.66,71.47,blackgram
41.63,60.92,16.39,28.26,62.94,7.49,66.55,blackgram
33.05,61.39,18.97,27.63,68.68,7.66,56.84,blackgram
39.02,70.55,19.41,29.08,58.57,6.85,67.53,blackgram
45.3,67.1,27.75,28.42,61.48,6.99,74.34,blackgram
39.74,66.31,18.45,26.65,57.87,6.69,66.8,blackgram
42.52,64.88,15.61,33.95,64.0,7.02,72.43,blackgram
38.41,65.47,19.82,32.41,64.91,7.09,59.68,blackgram
34.85,72.23,12.78,28.34,65.56,7.36,66.82,blackgram
39.38,65.32,18.72,30.44,65.35,7.54,62.63,blackgram
41.55,60.29,19.05,30.73,61.39,6.8,72.23,blackgram
36.72,70.72,21.38,32.28,64.34,6.31,67.22,blackgram
38.82,65.98,21.92,28.26,59.11,7.09,71.83,blackgram
35.3,67.16,17.49,32.08,70.55,7.22,74.61,blackgram
45.6,75.04,18.55,28.8,63.89,7.2,71.84,blackgram
38.53,66.9,16.7,27.23,63.14,6.97,68.91,blackgram
47.26,68.45,15.62,31.35,71.46,7.15,60.01,blackgram
47.64,61.11,19.93,32.48,60.13,7.71,66.98,blackgram
39.59,65.9,15.18,35.08,60.6,7.25,63.27,blackgram
34.96,70.05,17.76,27.5,60.72,6.95,64.59,blackgram
29.57,59.22,16.01,31.3,64.83,6.9,64.38,blackgram
32.64,68.0,20.65,29.08,66.83,7.03,60.14,blackgram
33.13,67.5,24.4,31.47,68.06,7.75,53.3,blackgram
46.89,67.21,15.1,26.96,75.39,7.03,62.32,blackgram
40.58,72.19,13.44,27.37,56.1,7.09,68.35,blackgram
41.95,68.67,18.63,28.35,67.53,6.91,57.56,blackgram
28.9,74.39,19.05,30.06,62.87,7.54,67.11,blackgram
34.01,62.03,19.66,28.62,62.75,7.88,80.3,blackgram
44.44,67.68,17.66,31.22,62.62,7.28,74.16,blackgram
41.43,67.42,18.4,31.95,61.46,7.13,78.5,blackgram
39.26,61.65,20.1,31.1,71.84,7.11,69.74,blackgram
42.82,71.78,22.12,33.14,68.47,6.15,75.17,blackgram
48.18,78.62,13.13,30.73,65.19,7.4,61.93,blackgram
38.89,66.91,17.89,27.47,70.5,7.15,62.49,blackgram
40.35,69.53,19.64,32.63,59.05,7.27,47.83,blackgram
40.96,67.42,16.25,28.69,59.78,6.82,75.3,blackgram
51.96,63.43,24.19,31.72,56.39,6.95,77.78,blackgram
29.5,57.9,17.09,33.05,62.3,6.94,63.13,blackgram
43.42,63.47,18.88,30.81,65.75,7.51,65.22,blackgram
39.43,60.04,20.67,26.91,65.51,6.95,61.72,blackgram
42.83,75.52,17.23,28.06,65.7,7.93,69.68,blackgram
36.71,66.42,13.46,32.55,59.46,7.27,74.87,blackgram
39.76,65.27,17.71,29.56,68.31,6.59,54.8,blackgram
43.56,71.45,22.09,30.06,66.06,7.05,69.87,blackgram
55.56,61.39,17.99,31.42,68.03,6.84,65.06,blackgram
44.04,63.17,16.46,31.29,57.53,6.22,67.79,blackgram
35.76,67.34,21.78,30.46,66.35,7.74,70.21,blackgram
17.44,67.87,19.89,24.37,60.34,6.72,42.24,lentil
17.69,66.91,18.29,19.96,62.28,6.97,39.51,lentil
17.36,68.29,17.77,24.23,61.03,6.56,56.46,lentil
20.91,64.98,24.46,26.41,62.61,7.0,54.34,lentil
19.26,66.28,22.53,22.89,63.94,6.63,39.19,lentil
18.66,57.57,19.41,23.8,68.15,7.22,52.91,lentil
14.19,72.87,12.09,24.18,63.52,7.6,43.0,lentil
16.86,69.49,17.92,19.28,58.46,6.64,45.65,lentil
20.7,64.13,27.11,27.51,69.36,7.06,44.68,lentil
18.11,77.49,18.31,22.88,61.45,6.68,41.7,lentil
19.98,68.44,22.31,25.41,64.57,7.21,49.92,lentil
23.3,62.82,23.33,24.34,66.59,6.52,45.63,lentil
21.12,72.28,19.66,26.76,65.6,7.04,42.62,lentil
18.28,69.99,16.47,25.23,69.18,6.64,38.48,lentil
16.47,69.97,11.69,24.08,66.72,6.84,40.53,lentil
10.34,65.87,21.05,22.89,61.35,6.59,36.79,lentil
17.49,70.25,16.56,25.94,73.51,7.15,45.06,lentil
17.02,66.69,19.53,21.13,65.58,6.65,39.02,lentil
19.17,70.78,15.25,25.66,64.21,7.07,43.67,lentil
17.54,58.48,18.2,22.52,68.66,6.8,51.85,lentil
17.04,65.83,19.1,26.75,65.8,6.87,51.0,lentil
12.66,76.61,19.81,24.79,66.4,6.94,44.84,lentil
15.18,64.16,15.66,25.66,74.77,6.67,44.56,lentil
19.43,64.98,22.59,24.65,63.7,6.96,54.4,lentil
23.15,65.76,17.21,21.35,63.53,7.36,47.6,lentil
17.71,61.93,13.98,22.95,65.27,6.67,43.36,lentil
18.98,56.96,18.67,25.71,69.09,7.25,37.87,lentil
20.86,66.85,19.1,24.8,58.77,7.35,46.97,lentil
15.57,68.68,19.48,26.63,56.94,6.66,49.15,lentil
19.1,67.74,23.09,25.23,62.45,6.46,41.84,lentil
15.78,67.28,18.29,22.76,58.26,6.99,46.46,lentil
20.59,68.22,18.64,23.07,63.1,6.74,43.18,lentil
18.45,73.11,15.69,24.69,66.81,7.46,44.08,lentil
18.9,67.05,21.46,20.33,61.24,6.91,32.56,lentil
15.65,65.13,19.55,27.51,59.09,6.66,43.89,lentil
20.12,66.59,17.74,25.3,65.08,6.56,49.85,lentil
24.25,70.9,13.29,26.71,68.25,7.23,41.84,lentil
14.98,75.06,23.33,21.65,58.02,6.73,45.26,lentil
16.98,64.86,15.32,26.74,68.08,6.91,41.22,lentil
18.69,68.49,17.23,28.52,68.07,7.19,46.8,lentil
20.36,69.69,20.08,22.12,68.62,6.75,43.92,lentil
16.32,63.04,15.41,25.89,69.67,6.89,40.3,lentil
9.5,68.1,14.52,24.5,73.61,6.9,51.66,lentil
22.08,60.67,12.63,21.72,63.38,7.1,49.64,lentil
20.28,59.15,21.16,25.39,65.24,7.08,41.98,lentil
12.77,69.83,17.36,26.0,63.13,6.83,47.49,lentil
16.18,66.08,27.78,23.42,64.81,6.92,47.69,lentil
22.7,69.01,16.02,26.6,70.93,6.79,48.21,lentil
22.34,67.91,16.24,21.5,59.42,6.46,36.53,lentil
20.82,63.12,17.3,21.81,61.36,6.98,50.03,lentil
17.47,67.77,19.73,24.75,70.31,7.47,42.15,lentil
18.25,61.83,17.59,24.55,68.88,6.63,43.21,lentil
17.61,74.95,20.84,23.21,63.35,6.67,58.19,lentil
21.38,61.22,16.06,25.96,68.22,6.64,46.51,lentil
15.37,67.02,14.86,25.46,66.16,7.12,43.07,lentil
15.58,62.79,13.61,26.04,70.8,7.03,33.97,lentil
21.03,70.85,12.33,24.28,65.1,6.85,51.95,lentil
17.87,66.34,17.45,25.58,68.9,6.62,38.27,lentil
22.14,65.41,18.1,23.7,75.37,6.93,39.98,lentil
15.99,72.27,17.11,28.2,67.19,6.43,43.34,lentil
17.84,68.15,22.73,23.04,65.0,6.94,52.08,lentil
15.23,70.58,22.68,28.29,67.69,7.16,48.87,lentil
18.02,63.09,18.0,24.56,63.34,6.52,44.21,lentil
13.56,60.98,13.62,22.02,74.35,6.44,46.54,lentil
16.54,68.54,17.3,26.96,65.52,7.37,42.0,lentil
13.69,66.41,17.2,24.73,63.71,6.72,45.7,lentil
20.08,71.13,17.03,26.03,61.46,7.24,45.37,lentil
20.15,67.6,16.91,26.7,69.19,6.85,49.84,lentil
12.81,69.03,17.04,25.11,68.27,6.85,49.84,lentil
22.0,59.88,17.84,23.43,62.81,7.03,47.47,lentil
25.49,77.44,17.09,26.26,67.11,6.63,43.19,lentil
18.14,67.18,19.62,24.5,58.77,6.94,48.71,lentil
16.08,71.49,20.08,25.73,65.54,6.79,44.54,lentil
26.47,63.82,16.27,20.62,66.61,6.5,39.59,lentil
14.04,69.54,22.81,25.3,71.63,7.0,42.98,lentil
18.06,61.49,16.06,23.35,61.72,6.82,45.42,lentil
18.54,70.26,14.15,27.48,59.69,6.85,49.55,lentil
22.04,66.22,20.14,25.62,61.22,6.54,44.08,lentil
19.08,68.15,16.55,24.93,59.45,7.38,38.95,lentil
16.5,71.49,19.96,25.38,70.15,7.16,45.28,lentil
15.15,61.84,11.79,22.7,70.99,7.19,45.57,lentil
16.97,64.58,23.18,27.42,66.08,6.81,45.93,lentil
14.98,70.29,21.02,28.08,69.69,6.38,49.6,lentil
18.14,78.49,14.5,25.21,65.34,7.49,50.09,lentil
16.31,67.31,14.56,27.36,64.42,6.88,42.03,lentil
13.52,70.96,24.02,23.48,63.47,6.68,41.92,lentil
21.77,67.47,16.79,23.07,63.56,7.03,39.8,lentil
16.51,77.71,16.5,24.57,58.61,7.25,48.49,lentil
14.2,59.26,12.2,25.28,65.86,6.89,52.24,lentil
17.5,68.47,17.95,23.79,64.64,7.28,43.42,lentil
18.21,59.87,18.32,25.47,67.78,7.22,43.79,lentil
12.76,55.47,21.15,25.05,65.17,6.58,52.33,lentil
18.99,69.49,14.8,22.7,64.15,6.7,47.53,lentil
14.86,68.7,14.44,25.43,61.32,7.19,47.18,lentil
23.13,66.58,20.35,26.05,65.09,6.09,39.05,lentil
19.57,67.47,22.02,24.81,67.75,6.86,48.39,lentil
16.8,83.49,14.29,26.57,60.23,6.47,40.35,lentil
15.76,66.71,22.24,22.31,65.15,6.76,39.33,lentil
17.69,70.55,19.11,25.34,65.73,6.81,43.27,lentil
19.84,64.75,22.28,22.39,61.93,6.79,42.07,lentil
19.11,18.99,44.91,19.22,93.67,6.02,116.47,pomegranate
14.24,15.56,35.16,21.92,89.66,6.04,107.55,pomegranate
23.84,16.9,41.75,23.63,83.44,5.46,111.22,pomegranate
24.51,19.51,34.52,22.64,85.9,7.07,102.34,pomegranate
12.21,19.56,44.26,21.68,89.35,6.05,103.33,pomegranate
23.91,22.01,38.97,18.4,86.61,6.35,109.88,pomegranate
16.76,17.75,45.07,20.18,88.86,6.04,95.36,pomegranate
23.43,18.92,41.97,22.18,90.2,6.68,103.42,pomegranate
19.73,16.69,35.11,20.23,94.49,6.25,98.4,pomegranate
20.12,18.55,45.7,22.21,89.23,5.88,98.09,pomegranate
19.26,19.32,46.2,23.16,93.32,6.58,85.9,pomegranate
24.85,17.71,43.53,23.73,94.39,5.83,120.39,pomegranate
15.04,12.59,36.95,19.35,94.4,6.07,100.13,pomegranate
22.43,18.99,38.78,26.19,90.95,5.56,118.63,pomegranate
24.41,19.09,40.58,23.33,84.21,5.83,117.69,pomegranate
22.87,15.96,37.19,21.8,91.48,6.47,94.14,pomegranate
29.3,14.15,46.77,23.98,93.25,5.61,96.12,pomegranate
17.88,22.43,40.58,26.53,89.86,5.81,132.61,pomegranate
23.83,19.47,29.19,18.92,95.33,6.4,124.51,pomegranate
19.58,17.31,41.36,21.35,92.68,6.18,106.68,pomegranate
24.93,14.59,38.61,17.04,91.8,7.2,109.57,pomegranate
19.97,15.53,39.7,22.19,93.36,7.13,100.69,pomegranate
18.45,21.91,38.53,22.53,91.1,6.05,111.32,pomegranate
25.22,18.41,43.23,21.72,82.62,6.62,99.83,pomegranate
18.03,16.35,44.48,20.49,88.6,6.7,86.68,pomegranate
14.35,19.53,41.13,17.7,93.69,6.16,93.78,pomegranate
17.93,15.56,38.64,22.55,87.68,5.8,107.21,pomegranate
22.48,22.5,39.83,24.71,89.43,6.4,95.69,pomegranate
25.57,22.06,40.08,20.62,86.97,6.33,106.33,pomegranate
20.44,16.6,36.79,22.68,95.45,6.23,96.25,pomegranate
25.27,16.11,42.32,18.66,95.14,6.58,99.18,pomegranate
14.57,10.15,41.84,22.71,87.45,6.1,115.53,pomegranate
18.23,13.56,46.16,21.01,90.54,5.94,109.47,pomegranate
18.85,13.98,45.02,20.28,88.06,6.44,106.9,pomegranate
19.54,18.41,37.26,20.28,91.94,6.55,115.79,pomegranate
20.34,17.02,43.28,21.01,91.63,5.93,111.81,pomegranate
22.76,13.96,36.2,22.56,92.54,6.77,121.47,pomegranate
18.22,17.16,42.78,19.18,91.1,5.69,102.4,pomegranate
20.56,19.52,37.93,21.01,98.91,6.17,102.7,pomegranate
19.82,19.58,35.91,21.72,87.02,6.3,93.99,pomegranate
16.3,12.3,41.12,19.6,84.97,6.15,102.71,pomegranate
19.55,17.62,29.3,25.39,88.92,6.17,116.65,pomegranate
19.43,13.85,33.0,20.09,85.4,7.15,120.0,pomegranate
19.34,20.71,39.29,20.46,85.62,6.06,116.6,pomegranate
20.13,20.35,40.33,19.84,87.1,7.38,89.06,pomegranate
20.3,15.31,38.52,25.4,87.33,6.57,117.83,pomegranate
18.27,15.7,33.68,22.91,87.24,6.44,88.61,pomegranate
25.09,16.62,36.73,19.93,91.65,6.59,115.98,pomegranate
15.32,11.24,41.56,24.01,88.58,7.41,103.32,pomegranate
17.12,19.01,42.33,22.2,89.56,6.0,114.03,pomegranate
31.12,17.18,39.94,22.31,92.78,5.95,93.68,pomegranate
15.85,20.91,44.63,21.11,87.8,6.1,118.71,pomegranate
14.58,14.7,41.59,20.3,89.31,6.41,92.35,pomegranate
22.94,16.14,37.01,22.48,91.2,5.71,100.32,pomegranate
11.69,13.48,38.88,20.71,84.28,6.41,97.02,pomegranate
19.06,14.99,34.39,25.43,82.95,7.08,89.46,pomegranate
28.58,14.45,39.57,19.26,91.14,6.46,107.95,pomegranate
13.82,20.99,44.45,24.87,91.58,6.28,125.06,pomegranate
12.07,15.91,42.74,21.58,96.29,6.15,133.67,pomegranate
14.0,18.37,45.61,22.4,90.57,6.76,107.97,pomegranate
23.59,16.86,38.79,23.47,92.56,6.07,118.17,pomegranate
24.5,14.19,45.38,20.54,89.51,7.14,109.32,pomegranate
17.95,17.5,39.23,23.53,90.99,7.17,111.99,pomegranate
22.73,19.8,45.89,16.38,95.1,6.5,103.58,pomegranate
25.56,14.38,39.91,20.36,83.73,6.4,108.95,pomegranate
27.15,20.43,42.83,19.95,91.34,6.81,112.37,pomegranate
19.01,15.45,45.9,19.29,96.51,6.84,101.22,pomegranate
10.79,16.55,39.23,21.37,90.95,6.08,106.23,pomegranate
16.72,19.59,40.87,22.57,95.05,6.19,106.42,pomegranate
18.29,16.01,45.16,23.21,88.21,5.87,115.26,pomegranate
18.96,18.11,39.47,22.28,90.0,6.56,96.34,pomegranate
19.25,17.06,34.72,20.47,90.2,6.67,106.48,pomegranate
24.48,18.39,48.57,22.54,83.45,5.86,126.12,pomegranate
25.1,10.86,38.12,22.05,86.6,6.22,118.64,pomegranate
19.31,12.51,40.64,23.67,86.81,5.86,120.49,pomegranate
24.39,19.85,44.62,23.35,92.57,6.04,107.24,pomegranate
21.43,21.11,37.57,21.86,92.72,6.62,110.21,pomegranate
20.26,15.27,35.97,20.01,91.07,6.11,117.02,pomegranate
23.63,17.27,41.01,20.49,92.57,6.28,122.6,pomegranate
20.29,18.88,32.83,20.7,89.61,5.75,87.48,pomegranate
28.23,20.08,38.85,21.17,93.71,6.47,93.85,pomegranate
14.25,11.92,40.98,22.34,90.13,6.38,120.09,pomegranate
17.94,15.34,38.92,23.23,90.27,6.11,104.23,pomegranate
19.49,17.0,33.83,21.7,89.3,6.32,100.28,pomegranate
21.76,20.11,46.38,21.83,92.15,6.47,94.46,pomegranate
25.07,25.5,40.41,22.09,88.84,6.07,101.45,pomegranate
19.9,17.32,45.72,20.77,93.03,5.81,92.98,pomegranate
14.31,13.78,38.96,19.95,86.7,7.12,127.91,pomegranate
23.37,19.21,36.48,18.29,86.8,6.15,106.78,pomegranate
23.02,21.96,41.08,20.41,92.16,6.36,106.42,pomegranate
12.23,18.32,39.14,22.75,89.83,6.8,112.88,pomegranate
19.98,15.28,35.29,20.39,88.74,7.81,116.62,pomegranate
13.64,20.87,45.88,21.32,92.77,5.9,116.46,pomegranate
17.34,19.99,37.51,22.73,88.28,6.58,117.74,pomegranate
16.39,14.92,32.64,22.84,89.5,6.12,100.69,pomegranate
23.24,19.14,45.31,19.64,94.3,6.18,104.02,pomegranate
20.47,20.99,37.98,23.79,94.72,6.11,114.69,pomegranate
14.86,21.55,37.57,24.05,94.82,5.95,101.73,pomegranate
23.52,17.8,32.94,19.54,89.25,6.38,106.95,pomegranate
14.26,16.93,46.96,20.15,93.79,5.81,110.99,pomegranate
107.85,80.68,50.7,25.98,77.88,6.69,103.71,banana
82.22,81.24,50.33,26.27,82.7,6.05,99.91,banana
107.15,82.62,54.07,26.39,79.96,6.3,109.85,banana
97.66,80.21,45.78,27.98,79.66,6.04,96.51,banana
107.07,85.8,41.28,28.21,77.31,5.73,108.06,banana
107.77,79.67,50.78,21.21,87.06,5.1,97.69,banana
116.08,70.39,51.41,29.34,78.9,6.08,96.02,banana
113.53,81.1,57.45,30.17,83.2,5.69,98.63,banana
113.47,67.8,43.65,25.2,72.9,5.68,101.25,banana
114.44,84.12,55.77,25.36,85.12,5.8,104.51,banana
102.91,76.12,61.84,26.4,84.61,6.7,107.35,banana
100.32,82.98,48.11,25.79,80.79,6.96,68.12,banana
108.73,89.88,43.55,27.75,79.49,6.09,96.92,banana
107.32,76.31,47.97,23.41,82.0,5.81,101.08,banana
96.91,88.37,50.07,25.06,89.56,5.53,120.05,banana
104.05,79.4,52.82,30.38,73.35,6.19,94.2,banana
99.65,92.52,47.04,25.44,83.53,6.71,106.63,banana
91.46,79.81,57.78,29.79,76.75,5.9,119.95,banana
112.9,76.96,44.43,28.01,80.32,5.05,91.87,banana
100.55,86.12,41.3,23.68,79.41,6.27,108.94,banana
120.49,79.39,55.53,28.57,78.69,6.39,96.98,banana
83.75,76.95,38.63,27.06,80.36,5.37,99.95,banana
94.43,79.13,48.98,26.39,75.86,6.07,96.97,banana
100.33,81.73,65.59,27.79,84.52,6.18,97.68,banana
111.37,90.05,49.94,28.25,73.22,5.97,132.22,banana
103.99,70.4,44.4,28.72,82.56,5.68,113.44,banana
103.1,82.14,49.71,29.66,79.09,6.41,116.02,banana
88.73,85.75,49.75,28.12,75.72,5.84,109.92,banana
88.43,83.16,50.8,24.55,81.21,5.41,88.94,banana
103.23,89.86,53.31,26.35,74.17,5.18,108.95,banana
86.36,81.55,44.8,33.19,80.56,6.5,115.73,banana
94.68,80.89,58.44,28.75,74.71,6.25,96.47,banana
105.01,85.55,51.23,32.04,82.25,6.04,114.65,banana
90.18,82.6,53.63,30.09,76.7,5.82,112.04,banana
116.05,79.66,46.86,27.78,78.6,5.79,123.52,banana
112.24,85.1,56.43,27.9,81.58,5.57,100.82,banana
84.29,78.08,48.71,27.23,77.31,5.83,94.02,banana
90.68,78.33,51.39,23.82,80.17,5.15,101.38,banana
77.14,78.83,45.33,27.34,74.34,5.71,119.36,banana
92.17,90.12,45.02,29.72,82.92,5.88,86.72,banana
107.66,62.67,53.44,26.1,87.46,6.24,84.32,banana
95.86,84.37,47.78,28.12,91.57,5.98,105.89,banana
104.61,82.21,45.73,29.0,80.76,6.32,100.57,banana
84.78,71.91,46.78,25.48,83.55,6.54,105.08,banana
107.98,83.86,53.49,26.4,73.28,6.42,114.45,banana
94.45,84.85,46.85,25.26,86.41,6.19,99.47,banana
100.12,85.54,49.41,25.66,83.5,6.0,86.27,banana
99.07,66.09,50.08,24.72,78.46,5.61,125.44,banana
87.28,90.2,40.41,25.5,85.35,6.3,95.03,banana
88.47,77.57,42.64,30.14,79.38,6.67,94.41,banana
109.68,86.12,51.68,25.47,78.57,6.14,116.04,banana
103.99,86.45,46.31,27.55,82.3,6.77,101.16,banana
110.5,76.74,55.28,26.29,76.15,5.39,104.37,banana
103.25,85.96,54.83,29.66,84.49,5.54,109.83,banana
101.43,79.69,53.6,29.92,76.18,6.34,115.84,banana
82.74,69.57,59.1,29.03,76.2,6.11,101.67,banana
97.3,89.01,49.58,27.91,76.76,6.53,120.2,banana
99.73,77.35,53.24,26.84,83.44,5.99,83.64,banana
119.53,76.87,47.08,24.92,77.93,5.65,112.6,banana
106.87,79.58,62.26,31.19,75.01,5.91,96.6,banana
115.36,83.63,59.92,25.78,77.98,5.39,118.72,banana
105.98,81.66,50.06,28.63,80.27,5.55,106.42,banana
92.89,85.29,51.93,29.42,75.68,6.39,98.27,banana
101.17,73.96,56.8,26.19,75.79,6.35,111.63,banana
102.36,77.55,49.26,29.38,88.85,6.15,113.93,banana
90.61,81.3,46.72,28.83,76.96,5.31,111.42,banana
96.16,93.39,54.37,30.76,79.11,5.86,94.7,banana
97.94,81.32,50.39,26.36,78.93,5.51,100.16,banana
116.06,88.51,50.91,24.73,78.71,6.47,104.96,banana
79.19,82.23,45.83,26.29,82.89,5.77,104.59,banana
112.06,79.1,41.41,27.72,84.19,5.57,112.5,banana
90.63,80.52,51.18,27.42,79.18,6.01,84.85,banana
86.28,80.99,54.52,26.51,75.45,5.74,108.34,banana
111.8,85.62,48.87,23.48,85.5,6.59,102.1,banana
107.32,90.25,57.18,28.24,80.02,5.71,96.61,banana
112.55,84.16,46.48,31.24,87.32,5.44,97.58,banana
108.01,89.12,44.73,28.23,71.42,5.14,102.85,banana
120.6,76.21,49.66,28.52,81.18,5.99,68.99,banana
105.59,79.51,49.59,28.44,88.07,5.78,97.99,banana
98.44,77.65,53.85,28.09,78.99,5.43,96.24,banana
103.43,83.89,46.13,29.16,79.5,6.48,110.33,banana
112.43,79.85,56.84,28.09,81.58,6.27,96.94,banana
92.21,86.38,59.83,26.67,78.16,5.99,102.85,banana
93.48,76.41,49.8,25.71,79.15,6.55,120.42,banana
96.91,82.26,56.25,26.8,79.05,6.27,114.94,banana
78.95,86.12,44.72,27.93,77.89,5.67,114.02,banana
101.38,69.61,55.38,26.67,85.32,5.58,100.0,banana
81.14,94.73,55.24,27.93,82.24,6.33,110.43,banana
100.53,80.3,54.32,28.18,81.4,6.16,102.66,banana
108.65,69.85,49.92,28.97,83.63,6.07,103.04,banana
95.23,82.95,35.23,29.87,79.34,5.66,109.1,banana
116.77,82.2,46.79,27.46,77.3,6.24,99.03,banana
85.39,81.51,46.87,24.68,77.99,5.7,119.93,banana
111.91,87.95,45.11,26.61,80.41,5.96,103.4,banana
106.75,86.48,50.61,27.39,76.16,6.58,111.18,banana
82.84,83.79,47.91,23.63,78.4,5.74,119.56,banana
127.11,84.7,45.88,30.08,78.34,5.37,115.32,banana
99.36,81.37,44.71,27.58,88.9,5.58,90.91,banana
91.23,92.65,46.42,28.06,69.3,6.4,109.45,banana
85.93,73.12,55.61,30.03,79.68,6.1,113.51,banana
23.57,23.67,24.05,31.13,40.62,4.65,108.08,mango
15.55,24.28,25.5,30.19,47.48,6.17,90.68,mango
17.37,23.82,31.56,30.86,48.28,5.64,88.51,mango
23.98,27.77,25.3,32.63,42.7,5.56,96.25,mango
16.95,26.36,34.45,33.76,45.57,5.68,102.48,mango
18.8,24.78,29.72,32.34,42.28,5.67,102.18,mango
26.3,28.71,30.34,31.4,50.05,5.98,82.18,mango
19.81,33.89,28.89,34.2,53.48,5.33,112.2,mango
17.09,33.56,33.09,30.57,54.63,5.48,89.23,mango
16.49,19.31,33.13,33.26,51.86,5.9,92.61,mango
21.33,29.31,31.34,30.62,46.35,5.99,86.88,mango
14.67,26.29,32.26,32.06,42.47,5.99,119.28,mango
19.01,27.62,29.15,30.97,43.17,5.56,97.18,mango
21.33,25.41,32.17,31.09,45.12,5.51,87.34,mango
25.2,27.47,28.65,30.45,46.64,5.65,102.78,mango
22.67,27.61,30.01,33.89,49.56,5.87,101.92,mango
17.14,24.68,28.9,29.73,46.14,6.25,93.31,mango
24.71,23.41,28.17,29.72,51.56,5.19,102.57,mango
18.8,25.21,27.24,35.44,49.27,5.73,87.57,mango
15.06,27.94,31.87,33.16,50.24,5.4,90.56,mango
19.31,29.4,35.24,26.43,54.76,5.3,76.91,mango
25.75,30.41,34.68,30.07,45.48,6.09,83.08,mango
20.66,25.02,24.97,27.58,51.87,5.96,111.27,mango
20.05,28.14,35.16,29.3,50.14,5.93,109.77,mango
26.55,30.85,28.73,24.92,48.87,6.08,95.59,mango
14.27,31.66,32.4,30.93,53.74,5.66,109.97,mango
14.86,26.76,26.38,28.92,53.72,5.67,93.56,mango
13.54,26.12,30.57,31.32,46.41,6.46,92.81,mango
21.49,27.76,31.25,27.95,49.47,5.73,95.51,mango
20.67,22.4,24.06,31.37,51.32,6.02,93.88,mango
26.17,26.23,32.43,30.37,49.11,5.8,93.06,mango
20.97,29.98,35.38,34.2,52.54,5.25,105.29,mango
18.38,29.57,29.3,34.02,51.32,5.19,96.35,mango
20.01,25.92,35.44,32.77,57.53,5.63,101.41,mango
20.47,27.87,29.24,30.55,44.08,6.12,104.28,mango
13.31,23.7,33.4,35.17,49.71,6.04,98.49,mango
30.84,29.81,21.13,28.09,46.57,6.07,86.27,mango
22.08,26.69,39.68,28.39,52.62,5.5,82.82,mango
20.84,25.9,35.98,31.03,43.73,6.28,96.34,mango
22.46,25.55,28.86,35.71,51.59,5.51,93.46,mango
22.84,26.75,22.11,30.8,47.68,5.86,95.79,mango
19.44,25.21,31.15,30.83,47.26,5.8,94.86,mango
17.48,29.63,24.22,28.32,44.41,5.75,118.25,mango
22.4,25.42,31.78,33.09,48.34,6.2,83.03,mango
21.54,33.37,31.65,33.11,54.54,5.59,77.09,mango
16.76,32.86,26.23,32.78,50.1,5.4,97.99,mango
25.68,23.43,34.48,29.94,52.71,5.81,91.61,mango
21.17,27.28,33.22,29.79,56.86,5.68,97.84,mango
22.92,24.4,33.9,28.61,51.26,6.81,100.25,mango
25.57,25.69,30.04,31.37,47.96,6.0,106.56,mango
20.09,35.01,24.34,29.04,52.07,5.68,81.43,mango
21.27,25.77,33.91,28.85,48.02,5.48,89.99,mango
23.24,28.44,28.92,30.35,48.18,5.24,98.86,mango
17.1,29.17,24.44,30.22,44.12,5.49,101.93,mango
20.22,23.0,35.41,30.12,53.91,5.83,114.74,mango
20.5,23.58,38.4,32.13,48.66,6.23,103.6,mango
16.18,22.18,29.84,31.36,50.93,6.14,94.49,mango
29.27,23.46,38.64,30.62,46.06,5.87,86.99,mango
14.37,15.6,30.37,31.57,51.94,5.7,89.92,mango
14.81,29.18,28.48,29.22,47.15,5.88,89.67,mango
25.26,35.22,27.48,31.41,49.63,5.64,100.9,mango
22.85,27.59,36.55,31.5,53.71,6.32,97.31,mango
15.9,21.33,26.88,28.19,53.36,5.74,83.09,mango
22.43,24.43,32.94,33.19,50.11,5.77,91.08,mango
25.87,25.16,27.76,29.44,43.13,5.14,102.9,mango
19.88,22.93,28.16,31.38,62.17,5.74,98.16,mango
30.4,30.44,34.12,33.53,57.18,6.05,100.12,mango
13.1,30.24,28.48,33.05,53.09,5.48,98.45,mango
22.78,22.38,28.38,31.27,47.19,5.57,109.64,mango
24.67,29.9,34.53,30.48,49.75,6.04,97.12,mango
23.57,33.11,36.39,33.1,48.03,5.36,91.53,mango
19.18,34.61,32.58,32.55,55.26,6.12,86.76,mango
18.84,38.46,27.38,29.96,51.25,5.64,97.25,mango
21.78,23.39,27.96,29.61,47.06,5.68,73.03,mango
23.26,38.3,30.32,27.06,48.32,5.46,93.34,mango
22.41,25.58,31.28,31.51,54.68,5.91,93.15,mango
24.16,24.63,26.05,31.03,56.6,6.54,82.72,mango
15.92,28.31,32.89,33.47,56.31,6.03,86.65,mango
19.09,24.67,30.34,31.92,53.23,5.54,102.29,mango
16.24,28.6,23.14,33.87,49.19,6.14,97.08,mango
18.46,21.72,26.28,29.81,37.23,5.7,95.92,mango
24.06,26.04,27.98,33.48,51.39,6.21,97.76,mango
20.43,32.14,29.71,30.14,50.19,6.04,95.83,mango
30.43,26.77,37.56,32.76,50.76,4.92,106.19,mango
20.77,27.57,30.95,28.28,50.42,5.5,96.11,mango
20.24,28.9,26.64,31.67,44.89,6.08,81.88,mango
20.42,31.68,30.88,27.23,52.43,5.85,109.67,mango
17.45,20.38,28.59,30.67,52.73,5.49,98.33,mango
19.77,29.34,31.3,32.08,52.93,5.61,89.7,mango
24.51,25.93,32.32,30.16,53.99,5.23,83.72,mango
20.46,27.67,34.84,29.1,52.62,5.77,98.56,mango
16.83,31.24,29.9,32.89,48.56,6.46,93.95,mango
16.3,22.22,36.56,30.99,49.92,6.04,109.17,mango
18.2,22.95,33.63,30.22,50.56,6.46,91.89,mango
20.3,19.26,27.17,31.28,50.63,6.06,87.46,mango
24.77,24.8,38.84,36.47,54.19,6.11,103.06,mango
14.64,32.32,31.31,33.51,52.77,6.39,103.33,mango
18.72,26.52,26.66,33.53,58.51,5.91,96.52,mango
20.58,21.64,36.61,32.07,59.03,5.74,101.09,mango
12.67,25.06,38.31,31.53,50.52,6.11,94.66,mango
23.94,145.0,196.16,26.98,79.45,5.97,75.36,grapes
27.66,130.39,192.38,22.62,78.44,6.06,77.51,grapes
25.5,145.0,205.0,20.91,83.39,5.71,73.49,grapes
22.32,131.89,204.19,25.08,83.81,6.05,56.4,grapes
28.41,123.02,205.0,27.29,83.1,5.87,68.91,grapes
13.54,131.55,205.0,25.13,75.86,5.77,61.91,grapes
31.21,142.39,185.79,24.21,79.3,6.22,68.58,grapes
16.18,127.29,205.0,24.62,81.81,5.54,76.86,grapes
20.49,129.2,174.91,26.63,83.36,6.17,72.14,grapes
22.84,138.75,192.31,22.05,84.2,6.21,78.04,grapes
22.41,134.02,195.41,23.58,82.33,5.74,72.39,grapes
27.03,138.68,205.0,22.89,82.89,5.75,60.91,grapes
18.77,135.9,202.19,21.46,82.15,5.93,52.35,grapes
24.04,137.84,198.33,23.14,83.96,6.08,71.04,grapes
20.69,130.54,199.88,26.02,82.84,5.95,68.5,grapes
24.18,135.85,190.22,24.93,82.1,6.13,63.16,grapes
22.74,126.58,185.03,25.09,81.09,6.53,58.1,grapes
23.37,144.31,205.0,24.09,82.14,5.85,64.86,grapes
20.8,128.93,205.0,24.85,83.35,5.49,68.64,grapes
20.96,143.03,205.0,22.2,82.7,6.25,74.66,grapes
24.15,132.13,192.1,23.18,83.04,6.5,71.32,grapes
26.77,135.62,205.0,24.18,85.93,6.12,81.26,grapes
20.61,130.04,197.16,24.36,82.7,5.67,62.75,grapes
19.52,125.87,205.0,24.44,79.95,5.96,76.17,grapes
25.45,120.04,205.0,23.52,84.55,5.66,70.33,grapes
22.87,125.56,202.11,23.05,77.8,6.19,74.86,grapes
26.32,131.41,196.6,30.12,78.66,5.59,66.94,grapes
19.38,135.7,205.0,25.61,82.91,5.91,77.5,grapes
15.88,142.08,205.0,24.63,83.45,5.7,72.07,grapes
20.87,130.43,193.16,23.33,78.16,6.04,65.24,grapes
19.93,126.94,186.72,22.9,80.75,5.89,69.92,grapes
22.68,122.46,197.11,23.54,80.08,6.05,68.32,grapes
20.45,137.84,205.0,24.39,80.44,6.01,73.42,grapes
25.96,145.0,205.0,20.04,84.73,5.7,61.74,grapes
21.85,144.13,188.88,20.66,84.02,6.19,69.79,grapes
23.6,139.68,188.32,22.53,81.84,5.99,72.77,grapes
23.63,139.11,205.0,24.21,80.26,5.7,70.23,grapes
23.78,145.0,188.64,23.32,77.85,6.67,79.43,grapes
22.9,136.66,205.0,26.76,86.16,6.14,75.42,grapes
25.04,139.17,193.84,20.84,83.68,5.95,69.95,grapes
19.82,131.43,205.0,22.3,79.78,6.42,71.52,grapes
28.6,123.1,192.3,26.84,84.06,6.55,72.07,grapes
22.05,128.53,205.0,24.06,81.69,5.96,72.82,grapes
17.75,133.93,201.85,25.57,81.04,6.1,57.22,grapes
23.75,134.49,202.52,27.9,83.21,5.7,67.89,grapes
19.6,145.0,180.3,22.41,79.68,5.96,59.61,grapes
25.66,134.65,177.97,23.6,80.87,5.94,78.95,grapes
31.84,143.43,197.79,23.26,82.26,6.06,69.57,grapes
19.85,130.52,202.47,19.89,80.4,6.1,68.65,grapes
24.33,131.51,188.75,23.18,83.91,6.17,76.28,grapes
15.98,123.37,189.11,25.56,87.51,6.07,72.96,grapes
24.82,128.06,205.0,24.88,79.64,5.64,62.1,grapes
19.46,138.22,205.0,25.04,76.9,5.72,69.5,grapes
20.5,134.06,198.62,23.05,75.89,5.84,67.65,grapes
18.59,141.54,205.0,22.49,81.45,5.92,57.79,grapes
25.93,135.45,188.26,26.34,79.91,6.32,65.17,grapes
27.03,131.18,196.44,22.81,82.52,5.65,68.72,grapes
23.09,145.0,205.0,24.39,82.3,5.89,69.2,grapes
19.54,133.25,200.68,24.13,77.09,6.29,59.62,grapes
29.36,143.3,201.26,26.72,76.46,5.91,78.06,grapes
20.0,130.79,205.0,25.74,82.79,6.14,69.29,grapes
14.35,139.68,186.01,21.21,82.31,5.96,70.26,grapes
24.83,141.42,205.0,21.42,80.62,6.08,72.8,grapes
18.58,135.67,205.0,24.96,76.93,5.93,64.48,grapes
26.95,115.16,196.75,23.67,83.31,6.2,73.19,grapes
21.48,134.15,205.0,22.89,85.72,5.54,67.43,grapes
25.41,143.84,190.18,25.83,82.73,5.89,63.72,grapes
28.61,138.22,193.13,24.17,79.36,6.09,74.01,grapes
18.16,137.57,203.85,23.9,82.03,6.16,80.44,grapes
20.74,120.22,205.0,25.36,77.8,6.45,75.07,grapes
22.7,128.24,205.0,23.05,85.07,5.88,76.46,grapes
29.15,137.29,205.0,26.94,82.15,6.44,66.36,grapes
20.37,137.28,199.33,22.22,76.6,5.8,58.82,grapes
20.62,143.72,205.0,25.11,81.0,6.4,80.43,grapes
24.91,132.84,196.58,26.67,83.29,6.25,84.38,grapes
20.69,137.25,205.0,21.05,80.9,5.73,80.8,grapes
23.61,134.13,202.07,23.11,81.07,6.09,67.65,grapes
16.79,126.1,204.46,26.08,78.23,5.98,61.92,grapes
31.86,115.95,204.24,26.11,83.6,6.19,62.54,grapes
17.61,137.45,183.95,23.46,79.95,5.93,58.21,grapes
21.71,135.39,188.76,22.33,75.43,5.91,69.25,grapes
22.87,129.05,201.03,25.71,80.79,6.41,81.24,grapes
30.65,121.05,183.13,26.17,84.84,5.97,69.01,grapes
17.7,139.04,205.0,21.47,80.74,6.25,72.12,grapes
30.93,131.87,205.0,21.39,87.11,5.93,79.63,grapes
26.03,138.45,203.27,24.25,83.19,6.5,67.17,grapes
24.67,145.0,188.79,25.06,82.92,5.8,84.25,grapes
19.06,116.87,205.0,23.2,81.51,5.82,83.94,grapes
25.28,128.4,205.0,25.16,81.7,6.46,69.08,grapes
20.11,132.32,201.47,22.38,81.11,5.87,65.96,grapes
28.07,145.0,205.0,19.57,80.99,6.48,74.88,grapes
19.12,120.91,202.02,22.95,83.49,6.27,67.57,grapes
22.55,145.0,205.0,23.93,79.09,5.95,61.9,grapes
20.78,135.09,198.8,23.25,78.67,5.46,78.97,grapes
19.05,133.23,199.65,21.48,78.53,5.99,78.52,grapes
25.97,132.42,205.0,20.17,88.04,6.03,71.09,grapes
25.14,130.51,205.0,22.77,83.49,6.35,61.16,grapes
27.84,142.38,186.0,25.6,82.81,6.48,61.39,grapes
15.88,125.45,198.96,26.31,78.73,5.79,70.75,grapes
27.26,136.76,188.2,26.18,83.77,6.24,66.5,grapes
96.27,21.99,51.68,26.79,84.4,5.84,48.77,watermelon
107.18,15.57,53.39,24.79,89.17,6.88,52.23,watermelon
104.87,15.53,52.14,22.64,85.73,6.56,52.94,watermelon
110.03,16.15,42.93,25.13,82.13,6.39,50.03,watermelon
91.08,13.64,53.98,26.62,90.74,6.76,52.71,watermelon
96.25,11.89,53.75,28.75,88.17,6.96,45.96,watermelon
105.07,20.16,53.32,23.34,84.84,5.66,57.79,watermelon
102.58,11.47,51.49,24.73,87.38,6.63,54.96,watermelon
111.26,17.74,50.88,24.8,83.99,6.07,43.28,watermelon
102.36,19.66,54.13,27.94,87.69,6.65,44.62,watermelon
113.78,12.65,57.69,25.44,78.03,6.54,44.77,watermelon
103.32,14.23,46.19,23.87,82.14,6.69,53.39,watermelon
107.5,20.64,54.31,26.51,88.14,6.35,43.58,watermelon
96.41,18.6,49.66,24.77,84.45,5.94,48.34,watermelon
99.11,15.15,49.48,23.3,85.82,6.36,52.27,watermelon
106.29,20.61,43.85,23.89,81.16,6.62,49.67,watermelon
111.9,20.62,48.86,28.62,90.74,6.8,51.29,watermelon
104.83,17.81,46.01,26.19,88.77,6.15,44.67,watermelon
98.33,14.3,48.14,25.69,84.6,6.81,52.97,watermelon
110.02,15.76,45.61,25.05,83.99,6.31,46.93,watermelon
81.46,17.86,48.2,26.03,88.29,6.61,48.38,watermelon
87.62,16.43,48.38,26.0,91.15,6.35,51.19,watermelon
104.45,19.82,50.39,26.03,88.06,6.55,50.52,watermelon
99.11,12.41,43.54,25.71,91.72,6.77,50.12,watermelon
103.84,12.52,44.22,27.06,82.43,6.13,46.25,watermelon
99.52,17.54,51.45,25.54,82.74,6.3,48.5,watermelon
103.57,15.53,46.81,23.74,81.63,6.56,50.01,watermelon
92.48,15.12,54.3,24.4,86.53,7.22,43.12,watermelon
103.56,11.7,50.9,21.94,85.73,6.24,47.69,watermelon
106.96,17.06,52.43,29.15,84.74,7.11,51.94,watermelon
108.76,16.84,55.64,27.05,87.63,7.1,43.61,watermelon
115.11,18.96,48.76,24.01,88.9,6.47,55.78,watermelon
100.95,17.21,47.7,24.99,80.62,6.41,56.35,watermelon
101.19,16.6,53.49,24.35,83.41,6.29,43.77,watermelon
86.81,20.53,52.04,28.28,87.66,6.48,56.79,watermelon
94.75,13.06,49.25,22.94,83.8,6.08,49.28,watermelon
97.46,18.61,55.57,25.71,82.81,6.48,52.09,watermelon
107.4,11.99,49.15,25.3,88.26,6.95,47.52,watermelon
94.11,14.48,50.13,26.99,81.33,6.32,54.62,watermelon
105.37,13.36,50.08,25.31,84.3,6.43,52.03,watermelon
98.99,19.35,46.26,22.34,86.19,5.99,45.93,watermelon
97.58,16.8,50.31,25.05,83.48,6.61,44.17,watermelon
100.99,16.96,55.59,23.75,87.55,6.58,42.7,watermelon
95.87,13.68,51.78,25.64,83.49,6.52,50.94,watermelon
95.57,16.1,50.12,28.08,89.43,6.43,52.86,watermelon
85.36,14.71,49.35,22.37,84.82,6.41,53.25,watermelon
97.02,18.15,51.32,24.06,87.21,6.65,49.41,watermelon
95.16,14.03,53.0,24.51,87.44,6.49,44.22,watermelon
94.87,20.99,52.44,24.81,83.32,6.59,46.59,watermelon
102.33,11.97,48.67,26.83,79.04,6.56,55.76,watermelon
104.27,14.58,51.3,25.19,86.28,6.84,47.58,watermelon
100.86,22.03,51.92,26.25,85.42,6.7,50.72,watermelon
106.96,15.69,45.97,24.37,86.87,6.56,44.62,watermelon
103.6,13.06,50.67,25.91,84.52,6.96,51.68,watermelon
96.64,17.66,41.35,26.9,83.91,6.63,47.71,watermelon
95.3,15.57,51.93,24.18,91.23,6.89,55.23,watermelon
101.5,14.49,52.64,26.91,80.78,6.68,53.87,watermelon
103.59,13.71,52.99,25.59,87.4,5.95,47.52,watermelon
110.18,25.31,48.42,27.38,83.48,6.89,49.37,watermelon
108.53,16.25,51.24,25.14,84.19,6.54,47.24,watermelon
94.67,11.22,55.7,26.19,84.25,6.48,42.9,watermelon
98.18,21.48,55.66,25.43,82.79,6.58,45.71,watermelon
104.37,18.83,49.88,25.33,86.91,6.4,50.99,watermelon
107.54,14.7,50.56,25.97,89.37,6.57,51.63,watermelon
106.51,14.2,54.44,26.47,86.61,6.32,50.74,watermelon
98.49,19.02,44.0,23.25,85.51,6.88,48.49,watermelon
88.97,16.26,48.71,28.08,82.24,6.47,54.67,watermelon
91.01,11.22,55.34,22.15,86.75,6.39,50.32,watermelon
101.18,22.36,53.9,24.27,91.67,6.22,53.52,watermelon
101.74,15.7,51.48,25.33,84.06,6.58,41.13,watermelon
90.21,21.49,43.98,26.24,84.07,6.56,30.39,watermelon
99.36,20.84,49.8,28.34,83.52,6.62,51.42,watermelon
104.05,14.0,47.64,22.16,83.73,6.19,42.88,watermelon
89.79,20.1,51.32,24.59,76.96,6.02,48.94,watermelon
107.84,15.05,46.76,21.67,86.42,6.69,48.49,watermelon
95.98,11.4,45.9,25.56,82.66,6.95,57.94,watermelon
109.06,15.73,41.74,25.99,80.37,6.19,52.0,watermelon
94.73,18.19,54.89,28.36,87.46,6.98,50.83,watermelon
90.79,15.61,48.4,25.72,81.95,6.59,54.18,watermelon
95.33,16.08,50.63,27.38,84.18,6.5,51.84,watermelon
98.24,20.43,49.99,26.55,89.6,6.38,47.71,watermelon
95.89,17.32,45.73,24.72,80.97,6.08,55.36,watermelon
97.27,14.47,44.96,22.96,80.6,6.8,44.45,watermelon
101.67,19.11,45.98,26.0,86.01,6.27,51.62,watermelon
97.63,17.59,47.11,22.81,88.65,6.27,42.26,watermelon
98.47,9.44,51.47,27.83,80.48,6.8,51.02,watermelon
85.33,18.29,46.82,25.21,86.42,5.94,50.96,watermelon
102.13,18.18,56.99,27.65,86.94,6.04,58.38,watermelon
98.29,17.06,54.11,24.64,79.02,6.49,42.18,watermelon
111.88,19.68,53.23,25.98,87.6,6.59,47.0,watermelon
91.48,14.98,49.52,25.88,87.83,6.65,54.11,watermelon
84.53,18.01,56.06,25.42,84.26,6.41,51.68,watermelon
103.94,12.3,49.13,24.72,88.96,7.26,50.9,watermelon
101.77,18.22,49.87,26.21,88.61,6.43,45.22,watermelon
90.93,22.86,50.68,23.83,85.51,6.43,47.05,watermelon
86.76,14.02,52.81,23.32,83.85,6.26,56.23,watermelon
111.3,14.72,52.55,27.74,82.28,6.54,49.74,watermelon
110.31,14.87,48.1,26.81,85.09,6.68,51.88,watermelon
79.1,17.39,47.87,25.62,86.91,6.86,49.42,watermelon
95.33,13.81,52.56,28.5,84.23,6.05,44.08,watermelon
107.47,19.8,47.29,31.13,93.03,6.97,23.81,muskmelon
104.03,18.11,48.78,28.96,92.84,6.11,23.76,muskmelon
118.45,13.65,47.61,24.82,93.52,6.97,27.6,muskmelon
91.88,16.88,50.44,27.39,92.44,6.11,24.04,muskmelon
106.58,19.91,54.79,27.06,92.3,6.47,22.74,muskmelon
89.51,13.23,46.92,27.62,95.29,6.02,27.14,muskmelon
101.26,18.91,54.0,29.61,96.09,6.4,24.36,muskmelon
107.81,23.97,46.87,28.41,88.53,6.52,21.75,muskmelon
83.42,20.19,46.61,28.46,92.33,6.35,27.46,muskmelon
98.36,21.24,53.27,30.96,90.58,6.61,24.58,muskmelon
95.49,17.66,53.69,27.35,91.52,6.43,24.01,muskmelon
94.38,19.9,53.41,31.96,93.31,6.24,24.53,muskmelon
103.08,14.85,44.74,27.39,93.97,6.23,20.79,muskmelon
108.97,19.39,48.14,28.76,92.02,6.64,22.42,muskmelon
98.93,18.96,53.29,28.09,87.52,6.2,24.01,muskmelon
101.64,17.87,50.17,28.82,89.89,6.67,23.42,muskmelon
100.91,20.95,45.71,29.4,94.54,6.77,27.82,muskmelon
100.01,15.38,51.83,29.38,85.45,5.9,24.65,muskmelon
91.29,16.44,47.14,27.24,95.27,6.74,26.56,muskmelon
108.87,17.29,57.18,26.58,93.6,7.02,24.03,muskmelon
102.36,13.91,56.18,33.11,95.59,6.48,27.17,muskmelon
103.16,17.68,52.42,27.73,91.8,6.58,25.19,muskmelon
93.55,11.84,55.44,29.86,87.15,6.71,24.04,muskmelon
96.33,20.14,50.26,25.71,93.38,6.32,23.96,muskmelon
98.59,17.14,53.06,28.1,95.49,6.45,21.14,muskmelon
87.73,15.44,55.91,28.37,94.61,6.01,25.52,muskmelon
86.5,14.5,50.98,29.45,90.64,6.44,23.88,muskmelon
95.19,16.3,48.98,23.7,92.52,6.55,22.49,muskmelon
104.18,19.06,43.18,28.9,90.97,6.55,27.32,muskmelon
94.77,18.64,49.67,26.53,90.25,6.72,20.25,muskmelon
91.85,14.88,53.29,29.18,94.69,6.17,22.73,muskmelon
93.48,14.46,53.78,26.73,89.31,6.24,27.08,muskmelon
96.36,18.97,52.02,27.06,90.07,6.97,24.95,muskmelon
97.17,14.83,47.83,28.11,89.54,6.35,23.86,muskmelon
117.32,17.18,42.09,26.71,88.57,6.46,24.75,muskmelon
108.44,17.37,48.02,27.74,92.67,6.38,24.54,muskmelon
108.2,17.94,48.78,26.45,95.2,6.15,20.0,muskmelon
109.35,19.57,48.75,25.3,91.84,6.89,22.95,muskmelon
92.01,13.21,52.47,30.43,88.54,6.24,28.85,muskmelon
90.22,11.27,57.94,26.27,94.4,6.06,22.02,muskmelon
91.15,15.3,50.49,28.28,96.51,6.26,23.05,muskmelon
110.68,22.4,49.13,29.96,90.68,5.8,22.38,muskmelon
95.62,23.07,48.96,27.49,91.1,6.2,23.74,muskmelon
89.99,22.49,50.5,27.11,93.59,6.11,22.25,muskmelon
96.55,16.42,46.69,29.01,96.35,6.59,25.46,muskmelon
98.09,11.65,50.48,30.61,91.0,6.2,24.59,muskmelon
102.15,9.97,51.8,26.5,88.97,6.67,26.32,muskmelon
102.01,15.16,50.84,28.33,93.88,6.82,20.85,muskmelon
93.37,16.41,51.83,25.48,94.3,6.63,22.98,muskmelon
105.49,20.9,51.73,27.89,92.32,6.34,23.32,muskmelon
94.89,19.6,42.91,28.66,90.9,6.44,25.37,muskmelon
98.75,17.68,52.55,27.06,94.79,5.94,21.62,muskmelon
105.49,14.33,47.32,27.78,93.62,6.36,26.75,muskmelon
94.87,14.12,45.62,26.07,90.38,6.14,27.56,muskmelon
95.45,17.76,45.58,28.74,92.42,6.61,21.03,muskmelon
104.73,19.09,51.73,30.5,88.92,7.17,22.53,muskmelon
93.14,18.18,49.11,26.63,94.01,6.55,22.4,muskmelon
96.92,13.9,43.27,27.48,91.64,5.8,31.9,muskmelon
104.45,18.95,51.91,29.5,91.21,6.29,22.71,muskmelon
116.43,18.28,44.24,30.78,92.22,6.44,29.03,muskmelon
104.84,13.79,50.56,25.91,92.4,6.43,20.2,muskmelon
103.78,14.65,50.95,28.3,94.54,6.18,21.03,muskmelon
104.25,19.07,53.54,29.11,93.78,6.47,21.94,muskmelon
91.41,16.3,57.13,28.42,91.91,6.03,21.46,muskmelon
100.92,21.77,44.54,24.14,94.21,6.12,23.2,muskmelon
99.76,18.5,49.79,29.5,93.3,6.59,21.87,muskmelon
102.57,15.54,48.89,31.33,91.23,6.1,21.54,muskmelon
100.93,16.97,51.73,28.81,91.99,6.56,27.48,muskmelon
103.04,17.19,50.86,26.74,91.93,5.99,27.67,muskmelon
97.51,14.81,48.59,27.68,93.56,6.93,26.85,muskmelon
100.47,14.26,48.24,31.79,91.38,6.17,25.57,muskmelon
90.18,19.1,45.53,30.24,91.32,6.33,24.28,muskmelon
97.44,19.54,53.95,29.75,97.22,6.5,22.51,muskmelon
111.13,18.81,51.84,29.24,94.65,6.23,21.14,muskmelon
102.55,21.55,53.67,27.41,90.4,6.44,25.09,muskmelon
99.83,15.37,48.76,28.24,93.73,6.57,20.48,muskmelon
115.17,22.02,47.37,28.46,92.6,6.69,21.02,muskmelon
89.11,14.3,45.69,29.59,93.28,6.64,27.46,muskmelon
91.12,13.96,51.44,31.32,92.64,6.35,29.7,muskmelon
113.7,11.72,45.84,30.61,95.27,6.36,25.18,muskmelon
100.37,15.66,57.39,26.05,93.16,7.1,27.32,muskmelon
98.06,15.49,44.77,29.0,92.14,6.68,23.26,muskmelon
90.41,18.58,51.09,29.93,94.91,6.12,20.0,muskmelon
103.58,17.73,56.27,29.71,92.88,6.43,25.84,muskmelon
104.36,13.42,52.4,27.47,92.6,6.3,25.71,muskmelon
91.24,15.82,50.7,33.85,93.09,6.36,24.22,muskmelon
98.88,15.89,46.13,26.3,92.07,6.03,23.27,muskmelon
97.32,11.67,44.47,26.65,92.32,6.28,26.89,muskmelon
102.05,14.06,53.08,29.02,90.83,6.94,21.04,muskmelon
91.05,14.69,56.02,32.41,90.42,6.57,21.68,muskmelon
110.02,21.3,48.24,27.09,89.8,5.65,20.98,muskmelon
107.33,17.57,45.44,28.12,88.82,6.77,24.25,muskmelon
97.09,18.99,40.17,30.54,90.1,6.73,20.74,muskmelon
98.27,12.5,46.08,28.57,91.86,6.29,21.95,muskmelon
98.91,20.58,49.55,28.0,92.56,6.62,21.88,muskmelon
93.77,20.9,56.4,29.62,91.62,6.14,23.22,muskmelon
96.45,11.0,52.69,29.09,86.41,6.26,20.0,muskmelon
97.84,14.88,51.22,30.45,96.24,6.85,24.26,muskmelon
112.9,18.49,48.4,30.92,95.02,6.32,27.74,muskmelon
107.57,18.93,47.67,29.15,93.41,5.84,24.41,muskmelon
26.17,143.51,193.42,21.58,89.98,5.55,115.71,apple
25.34,128.68,205.0,23.52,90.97,6.03,102.09,apple
23.11,127.15,194.79,23.12,88.51,6.23,102.34,apple
20.3,124.51,205.0,22.68,93.67,6.13,114.37,apple
20.09,135.46,204.88,24.27,92.09,6.23,118.79,apple
23.06,119.17,191.94,21.41,88.04,5.84,93.25,apple
18.43,137.7,199.32,21.56,90.21,5.76,117.22,apple
12.47,133.13,190.06,22.58,93.14,5.68,106.57,apple
21.97,143.08,197.17,21.45,90.94,5.88,110.07,apple
15.48,128.62,193.45,23.51,90.56,5.88,98.6,apple
16.15,132.37,205.0,21.32,92.11,5.96,103.48,apple
20.0,142.98,205.0,23.01,93.16,5.86,121.66,apple
19.62,145.0,184.69,22.42,88.71,5.86,112.33,apple
14.35,128.56,179.77,22.99,93.68,5.67,108.17,apple
20.66,135.45,196.55,21.77,90.3,6.18,110.84,apple
23.86,136.36,183.82,21.99,92.26,5.92,116.89,apple
15.49,136.99,199.46,22.77,92.21,5.85,116.4,apple
25.09,131.9,205.0,22.96,90.98,5.68,111.25,apple
13.76,144.25,205.0,22.59,89.74,5.5,122.93,apple
28.47,118.88,201.01,25.67,91.59,6.29,121.7,apple
18.35,130.63,197.07,20.82,96.36,6.07,116.13,apple
20.58,137.58,179.22,22.48,88.9,5.41,112.55,apple
12.43,137.66,199.26,19.77,96.53,6.13,118.57,apple
19.75,144.82,199.71,23.27,91.65,6.18,115.14,apple
20.91,143.59,205.0,20.59,92.39,5.94,122.61,apple
19.66,131.72,191.92,22.1,89.58,6.38,121.0,apple
17.75,144.4,194.65,21.93,90.37,5.97,101.82,apple
16.21,128.29,184.22,23.11,91.04,5.47,101.14,apple
24.52,141.45,176.09,21.6,89.69,6.01,104.99,apple
20.12,145.0,187.92,21.53,91.78,5.97,121.76,apple
26.16,143.72,183.3,25.18,91.28,5.72,96.24,apple
17.89,134.85,202.37,23.11,96.93,6.07,115.95,apple
18.26,131.35,193.82,21.59,89.39,5.4,115.63,apple
23.26,121.77,193.62,22.15,92.56,6.2,123.63,apple
13.51,136.48,189.16,25.56,92.92,5.64,113.8,apple
15.15,125.08,166.67,22.18,89.62,5.6,98.57,apple
24.39,127.65,205.0,21.36,94.02,5.87,102.41,apple
15.31,124.47,189.0,21.37,91.3,6.03,100.18,apple
12.72,130.32,194.88,21.61,86.07,5.95,106.62,apple
27.47,133.78,184.45,21.53,93.95,5.68,110.17,apple
14.42,136.19,205.0,20.3,89.51,5.75,100.35,apple
20.74,129.2,200.43,20.58,89.68,5.56,126.71,apple
20.28,142.55,190.74,21.11,94.02,5.83,98.75,apple
8.76,132.33,195.08,23.66,91.43,6.22,125.46,apple
18.93,127.7,205.0,21.91,94.59,5.9,123.85,apple
21.79,135.81,198.27,22.23,95.33,6.16,120.98,apple
21.42,145.0,197.18,24.89,90.69,6.34,105.06,apple
23.61,136.68,189.59,24.93,94.28,5.72,115.42,apple
18.45,131.1,180.05,22.09,90.41,5.84,99.23,apple
22.85,121.78,197.4,21.46,97.88,6.55,121.11,apple
17.24,132.24,202.25,21.04,90.57,6.33,111.26,apple
14.36,135.88,205.0,23.85,94.87,5.4,107.91,apple
14.81,130.9,176.52,22.23,94.41,6.02,99.76,apple
14.15,120.68,187.75,21.9,93.09,5.9,87.22,apple
24.04,127.2,193.19,21.14,90.62,6.15,101.61,apple
13.94,145.0,198.97,21.21,91.92,5.68,123.13,apple
21.1,145.0,197.55,23.18,86.92,5.65,107.97,apple
18.94,126.91,197.78,20.23,92.86,5.7,110.31,apple
19.59,139.38,203.08,24.39,93.17,5.73,118.56,apple
25.45,124.57,189.97,21.64,92.63,6.14,130.06,apple
18.25,145.0,205.0,22.33,84.87,5.55,125.25,apple
22.45,135.96,203.33,20.19,89.14,5.71,102.28,apple
20.15,141.6,195.8,22.58,90.43,5.36,92.57,apple
19.39,120.28,205.0,22.01,93.03,6.2,135.6,apple
29.2,139.42,205.0,22.51,93.02,6.28,134.69,apple
14.23,133.94,205.0,25.25,91.87,5.8,113.88,apple
25.16,140.82,168.81,22.92,93.89,5.81,99.3,apple
22.63,141.32,205.0,21.17,89.73,6.04,121.63,apple
18.08,134.53,205.0,21.32,93.83,6.34,110.92,apple
26.52,129.19,205.0,23.67,93.49,6.02,110.87,apple
12.61,140.24,205.0,24.94,93.24,5.69,120.94,apple
17.91,133.52,205.0,23.11,91.84,5.41,115.34,apple
15.17,127.02,205.0,23.84,96.88,5.57,100.14,apple
21.65,126.64,205.0,23.7,93.53,5.92,108.75,apple
15.55,122.18,205.0,25.15,89.88,5.7,118.61,apple
21.73,129.92,201.17,19.09,92.92,5.96,117.1,apple
19.25,142.82,183.28,23.8,94.18,5.73,114.62,apple
18.08,135.42,195.93,24.37,90.83,5.58,121.33,apple
21.55,129.76,202.9,20.19,95.02,5.55,108.38,apple
18.93,140.44,199.75,21.01,93.26,6.37,113.79,apple
15.65,127.34,186.53,21.07,86.44,6.17,78.24,apple
31.21,134.76,182.69,21.29,93.05,6.42,107.5,apple
18.05,132.56,191.59,21.73,91.28,6.06,119.64,apple
11.13,140.23,205.0,23.04,93.64,5.77,108.1,apple
16.63,121.38,205.0,24.16,94.66,6.3,107.34,apple
14.93,127.2,205.0,24.55,92.79,5.89,101.59,apple
23.3,120.89,205.0,21.09,96.46,5.97,122.03,apple
21.29,131.92,198.19,21.08,91.85,5.89,117.48,apple
21.59,143.69,181.58,24.97,93.86,5.02,120.25,apple
18.52,129.96,194.45,23.76,94.31,6.38,94.74,apple
18.88,129.91,196.41,22.75,92.06,6.05,110.4,apple
18.52,140.97,194.03,23.45,94.25,6.0,109.2,apple
19.68,142.55,199.55,22.55,90.81,5.88,109.19,apple
23.34,133.29,203.41,23.54,91.24,5.95,105.84,apple
21.34,139.48,205.0,22.0,89.02,5.72,108.54,apple
22.0,125.38,196.22,23.08,92.9,6.08,120.5,apple
22.0,145.0,179.96,19.88,93.11,5.51,92.87,apple
23.54,145.0,194.17,21.36,95.25,5.96,129.77,apple
21.15,138.17,199.44,21.38,94.28,6.07,116.84,apple
21.44,117.33,205.0,21.93,91.59,5.84,111.58,apple
22.63,16.66,9.68,23.8,87.56,7.18,110.0,orange
13.19,16.11,8.57,23.56,93.42,7.19,110.34,orange
16.34,13.83,8.72,23.87,89.43,6.5,104.87,orange
18.52,9.47,7.84,25.07,92.45,7.46,105.56,orange
24.46,13.02,10.76,26.15,90.84,7.15,110.72,orange
18.81,14.35,11.14,23.02,89.51,7.22,104.38,orange
20.8,15.26,8.46,24.78,90.19,6.77,95.78,orange
16.64,12.61,13.04,22.17,92.76,7.19,112.15,orange
20.95,14.53,9.37,24.93,89.0,7.34,120.73,orange
25.71,12.61,13.06,24.71,90.33,6.97,118.7,orange
22.98,15.62,8.72,24.62,93.86,7.6,101.9,orange
18.67,12.78,5.95,22.97,98.71,7.01,97.49,orange
21.7,13.45,10.8,21.6,93.39,7.34,107.16,orange
21.31,12.07,10.5,20.29,89.91,7.09,125.68,orange
21.03,15.54,10.07,22.73,91.28,7.18,116.46,orange
23.45,13.4,8.72,25.56,92.28,6.5,117.04,orange
23.42,18.72,9.93,22.24,91.33,7.11,118.9,orange
18.49,17.22,8.98,24.21,94.46,6.78,114.21,orange
21.57,15.79,9.4,24.32,92.74,6.75,111.21,orange
17.47,13.61,11.68,22.29,94.47,7.52,116.62,orange
15.31,17.14,10.37,25.17,91.41,6.94,104.54,orange
17.92,18.07,11.22,17.56,95.51,6.7,95.86,orange
18.69,16.43,9.54,20.6,91.78,6.89,117.23,orange
12.35,20.81,9.32,21.15,89.77,6.61,122.38,orange
22.44,17.38,7.69,21.32,97.64,7.43,98.82,orange
7.93,18.74,9.26,23.41,87.64,6.79,118.22,orange
29.86,16.4,5.0,23.32,90.35,7.16,126.81,orange
25.01,18.03,8.82,23.51,90.63,7.41,109.98,orange
17.96,13.61,9.84,23.87,98.47,6.85,101.82,orange
19.04,14.62,11.13,21.09,96.72,7.16,111.23,orange
20.21,17.05,9.46,20.61,95.93,6.69,104.49,orange
16.64,17.03,10.7,23.51,91.37,7.73,103.83,orange
19.77,17.52,5.64,21.67,98.27,7.28,114.33,orange
18.42,19.3,9.89,19.97,93.12,6.94,93.96,orange
18.62,11.73,6.64,24.55,94.64,6.77,95.56,orange
19.73,13.08,7.58,25.31,92.65,6.97,110.19,orange
13.75,16.69,9.63,25.6,92.08,6.9,109.78,orange
19.16,13.83,12.55,23.14,91.57,7.59,113.44,orange
19.65,26.13,10.74,23.93,91.68,6.63,128.75,orange
19.52,17.55,10.04,25.27,93.72,7.04,111.05,orange
18.14,15.77,9.96,21.65,93.12,6.99,115.98,orange
23.55,14.45,8.57,24.8,92.12,6.96,100.24,orange
17.59,14.56,8.91,23.3,95.97,6.97,117.68,orange
19.91,16.09,10.85,24.44,84.78,6.97,104.74,orange
24.19,16.34,7.23,23.13,93.47,7.26,110.71,orange
18.68,14.63,11.19,25.13,93.99,7.18,108.91,orange
19.86,15.18,9.22,23.2,95.07,7.13,120.33,orange
18.61,20.03,11.65,20.13,92.04,6.09,96.9,orange
23.95,20.15,11.92,25.41,92.72,7.09,87.17,orange
17.97,16.76,6.65,21.09,94.66,6.5,107.87,orange
24.13,11.98,8.84,25.06,95.93,7.19,114.69,orange
18.59,17.62,8.29,22.64,91.45,7.44,111.52,orange
15.56,20.66,6.37,24.92,92.87,6.72,122.32,orange
21.72,20.11,7.93,24.84,96.4,6.92,114.37,orange
17.78,18.2,14.88,23.57,86.89,6.82,104.36,orange
21.48,20.27,11.22,23.72,90.47,7.37,86.75,orange
8.08,16.16,13.83,23.56,95.86,7.03,107.63,orange
19.02,17.88,11.66,19.18,94.93,7.52,120.28,orange
17.16,13.96,8.52,23.01,93.51,7.12,106.08,orange
14.75,16.88,9.24,20.79,91.08,7.07,110.28,orange
16.79,19.99,11.18,23.11,90.0,7.02,114.21,orange
16.71,14.23,10.88,20.74,90.72,7.25,99.85,orange
18.81,13.42,8.85,20.67,96.07,6.48,116.23,orange
13.53,16.29,6.98,25.69,90.63,7.03,126.37,orange
20.27,15.32,16.58,24.73,92.45,6.98,108.27,orange
24.46,17.95,9.72,22.79,90.32,7.22,98.71,orange
20.12,14.64,9.35,23.13,94.31,6.94,109.33,orange
22.24,21.16,10.23,22.35,90.85,6.69,87.76,orange
23.38,12.13,9.51,23.83,91.96,7.0,113.37,orange
23.95,19.76,10.25,21.58,87.99,6.68,114.52,orange
26.48,13.71,12.57,24.59,88.17,6.42,126.76,orange
17.0,10.61,9.75,22.34,92.22,7.22,108.06,orange
16.13,16.71,7.67,22.04,88.89,7.17,114.08,orange
22.13,15.24,9.68,22.84,97.46,7.14,101.39,orange
21.83,12.67,9.07,21.74,87.05,7.39,106.44,orange
22.1,10.96,12.85,23.39,90.2,6.8,94.75,orange
26.56,15.97,12.34,21.83,92.24,6.57,108.05,orange
19.05,18.93,10.22,23.64,91.29,6.98,106.95,orange
20.7,17.75,7.44,24.99,89.44,6.9,112.99,orange
15.08,16.17,7.55,21.51,89.81,6.75,103.76,orange
27.54,17.44,10.03,22.56,89.72,6.98,110.83,orange
17.65,15.92,10.67,23.63,91.48,6.82,106.67,orange
17.77,11.71,9.25,22.02,97.08,6.45,106.69,orange
17.61,11.74,9.04,23.64,92.39,6.87,110.8,orange
16.42,15.39,8.81,23.8,95.16,6.66,110.41,orange
16.08,15.52,9.95,24.75,93.47,7.07,117.61,orange
16.91,18.55,5.23,21.71,94.98,6.8,108.79,orange
13.54,18.27,7.8,21.1,85.2,7.33,106.5,orange
15.86,17.82,8.75,22.25,91.44,7.48,108.19,orange
26.8,15.16,12.42,21.06,95.47,7.2,102.85,orange
21.94,11.86,8.37,23.82,90.77,6.53,106.4,orange
22.7,17.24,10.36,20.71,96.61,7.45,130.31,orange
23.71,17.58,10.45,27.0,95.91,7.47,100.87,orange
26.34,8.83,12.6,25.13,91.03,7.01,107.21,orange
11.91,13.5,12.53,22.82,90.94,7.4,106.13,orange
14.08,13.93,9.88,24.36,89.67,6.83,107.53,orange
15.79,16.36,9.05,19.85,90.63,6.44,106.69,orange
17.12,13.59,8.67,27.34,89.12,6.77,112.79,orange
17.8,15.89,9.52,21.74,93.27,7.52,92.9,orange
17.21,15.37,9.13,22.58,88.56,6.55,120.37,orange
52.16,64.87,43.46,34.36,92.97,6.93,148.13,papaya
42.79,49.61,46.33,37.06,92.21,6.91,129.78,papaya
37.65,57.36,49.4,31.08,95.64,6.64,132.9,papaya
44.11,58.79,54.45,34.66,93.41,6.91,130.25,papaya
47.79,59.08,51.85,36.66,90.3,6.02,140.34,papaya
61.9,59.9,45.33,35.22,90.7,6.73,156.04,papaya
51.72,62.05,49.44,35.37,94.1,6.96,141.94,papaya
39.96,58.82,58.07,34.88,95.0,6.45,136.68,papaya
45.55,57.16,50.44,36.3,93.78,6.45,123.69,papaya
48.73,56.96,48.69,31.53,97.14,6.14,148.63,papaya
50.27,55.94,51.97,30.93,96.49,7.18,132.64,papaya
42.43,62.94,53.05,33.69,93.5,6.48,143.41,papaya
48.33,55.77,48.18,29.38,90.3,6.77,137.75,papaya
45.41,63.23,52.01,36.16,89.13,6.88,152.06,papaya
43.48,59.09,48.68,36.14,91.43,7.15,140.11,papaya
50.3,56.39,52.88,32.83,94.28,6.65,141.29,papaya
52.87,62.09,50.68,32.96,96.97,6.54,147.83,papaya
53.21,55.36,51.93,33.56,93.44,6.75,167.28,papaya
51.87,62.19,46.96,33.8,95.32,7.09,152.66,papaya
46.51,60.06,46.71,33.95,91.79,6.65,140.94,papaya
52.57,56.02,53.78,34.82,93.96,6.41,142.04,papaya
50.55,61.64,49.68,33.35,94.46,6.24,135.7,papaya
49.67,61.73,51.14,35.59,87.45,6.33,130.6,papaya
45.94,64.79,48.77,34.59,91.37,6.96,135.37,papaya
46.52,63.83,53.59,32.49,94.77,6.6,132.73,papaya
49.37,61.46,47.57,36.37,93.09,6.52,149.84,papaya
61.2,53.36,49.46,30.98,89.41,6.49,129.15,papaya
50.51,71.24,53.14,33.52,86.32,6.73,158.0,papaya
45.94,51.98,54.69,35.63,91.49,6.63,151.02,papaya
44.84,63.75,47.9,32.25,92.22,6.62,142.25,papaya
46.54,61.16,57.84,34.32,90.19,7.1,142.0,papaya
59.89,53.13,51.25,34.79,92.76,7.16,135.31,papaya
47.0,58.38,45.83,31.98,93.67,6.22,145.24,papaya
53.53,58.61,51.48,33.56,94.08,6.8,155.06,papaya
47.12,65.53,48.47,33.39,86.51,6.47,133.56,papaya
50.31,55.43,51.74,32.6,89.11,6.63,123.6,papaya
52.96,57.69,49.83,38.3,91.64,6.79,150.44,papaya
46.14,47.32,50.3,32.17,93.83,6.64,145.89,papaya
45.79,67.67,46.35,35.71,93.62,6.77,128.56,papaya
57.29,53.65,53.96,32.91,93.58,6.9,133.2,papaya
53.92,60.63,45.38,31.53,91.44,6.79,131.69,papaya
52.95,58.49,45.56,33.91,91.58,6.51,133.31,papaya
52.94,58.51,51.47,35.0,90.58,6.51,138.12,papaya
51.3,63.05,56.41,35.54,94.32,6.27,138.8,papaya
59.09,67.36,48.59,36.82,90.1,6.44,134.19,papaya
49.22,60.26,52.8,39.59,94.53,7.29,132.9,papaya
51.89,62.28,54.29,34.2,92.92,6.46,139.25,papaya
41.75,60.64,53.26,32.37,92.29,6.34,144.01,papaya
44.88,64.09,48.76,34.61,90.76,6.8,138.2,papaya
43.0,56.69,45.64,33.17,89.01,6.67,155.9,papaya
55.37,64.38,41.17,35.55,90.78,6.64,148.1,papaya
36.24,64.55,48.95,31.11,91.57,7.12,122.91,papaya
46.99,64.41,54.71,38.44,86.48,6.86,148.28,papaya
34.03,55.7,45.5,35.41,91.91,6.54,149.27,papaya
44.84,58.16,52.8,30.33,94.71,6.57,136.78,papaya
46.55,60.2,46.2,32.28,93.82,6.55,124.06,papaya
55.92,52.15,50.42,35.33,91.16,6.96,142.1,papaya
50.98,66.97,52.83,36.05,92.52,6.61,141.91,papaya
44.83,58.94,47.36,31.16,91.01,6.16,128.54,papaya
54.33,60.42,50.68,35.13,92.77,6.69,124.59,papaya
49.09,56.11,48.34,29.81,96.25,6.24,140.95,papaya
49.19,52.37,52.82,33.52,94.82,7.36,139.2,papaya
42.99,55.98,50.94,35.92,93.7,6.41,136.99,papaya
44.05,60.1,50.23,32.6,91.17,6.65,141.0,papaya
44.87,62.37,56.23,30.69,94.27,6.78,128.77,papaya
49.23,59.81,52.65,33.99,88.18,6.61,136.78,papaya
49.39,60.73,47.24,32.49,91.77,6.61,148.4,papaya
56.72,57.31,49.66,34.96,93.86,6.83,137.8,papaya
50.93,61.48,49.7,31.93,94.25,7.16,121.94,papaya
35.46,66.41,50.32,32.15,94.07,6.93,136.33,papaya
50.31,62.52,60.1,29.66,93.14,7.14,129.16,papaya
41.75,63.05,51.48,34.04,91.91,6.39,145.21,papaya
44.17,60.47,41.86,33.38,93.74,6.8,145.83,papaya
44.94,51.48,47.83,31.32,90.02,6.75,122.09,papaya
45.68,53.78,42.27,34.09,90.29,6.81,151.11,papaya
42.12,61.27,48.68,35.75,92.55,7.11,128.65,papaya
50.02,58.95,42.05,33.27,92.83,6.63,160.71,papaya
41.95,61.2,46.51,34.24,87.84,6.58,141.41,papaya
50.78,67.38,43.92,34.25,93.54,6.86,127.04,papaya
60.18,62.63,51.54,31.29,94.33,6.17,128.3,papaya
42.35,65.29,50.0,37.81,92.21,6.63,146.18,papaya
47.58,59.47,51.21,32.76,98.34,6.66,137.3,papaya
36.38,54.96,49.58,35.01,90.69,6.42,140.84,papaya
47.5,58.71,44.42,35.24,91.5,7.02,161.35,papaya
52.21,54.98,52.05,33.42,91.41,6.38,133.61,papaya
52.6,66.79,57.69,34.91,92.21,6.66,142.72,papaya
49.39,62.95,51.64,34.19,91.58,6.79,159.04,papaya
53.45,61.6,48.3,30.86,88.88,7.11,145.25,papaya
61.73,65.18,44.29,33.04,91.03,6.7,122.72,papaya
57.56,48.9,46.37,32.47,92.16,6.98,148.06,papaya
46.39,61.94,51.81,32.78,95.47,6.91,128.04,papaya
41.74,52.45,54.29,31.09,97.91,6.74,158.88,papaya
46.97,58.96,51.04,35.95,95.74,6.37,132.13,papaya
44.27,57.44,53.2,36.9,90.46,6.27,177.63,papaya
51.26,62.31,52.83,35.66,90.66,6.73,159.61,papaya
43.09,60.14,52.03,36.24,92.0,6.54,132.44,papaya
48.64,65.73,47.37,33.01,96.86,6.98,142.24,papaya
53.19,55.99,50.7,32.43,91.99,6.92,151.04,papaya
48.5,62.55,46.61,32.14,89.08,6.64,151.4,papaya
44.27,59.81,50.07,34.99,91.15,6.35,147.31,papaya
26.01,16.45,37.38,26.23,94.82,5.98,177.5,coconut
20.51,18.52,26.94,27.22,95.85,5.46,196.91,coconut
19.53,13.98,30.09,30.06,91.58,5.93,165.84,coconut
19.61,14.69,31.38,28.32,92.96,5.47,176.6,coconut
24.43,18.53,27.16,24.47,94.5,6.01,186.21,coconut
22.46,19.82,23.98,24.21,93.03,5.26,155.18,coconut
22.17,15.14,30.16,27.28,93.17,5.34,221.45,coconut
24.18,13.0,29.72,25.22,94.1,6.15,175.43,coconut
12.8,26.85,29.45,28.57,96.1,5.74,177.13,coconut
22.24,19.35,31.89,27.48,94.11,5.6,193.85,coconut
21.87,16.2,36.72,27.7,96.96,6.28,188.72,coconut
27.68,19.61,29.79,26.13,92.8,6.0,175.57,coconut
14.89,16.63,31.68,30.53,92.3,6.16,176.95,coconut
27.23,19.6,33.91,32.52,98.65,5.85,152.44,coconut
21.3,17.48,33.22,26.9,93.48,6.7,166.65,coconut
22.96,17.27,28.54,28.04,92.18,5.72,182.76,coconut
27.7,16.66,31.39,27.58,91.32,6.42,181.66,coconut
23.24,12.66,33.19,26.93,96.95,5.88,193.32,coconut
22.6,22.81,26.49,25.9,94.12,5.4,173.19,coconut
21.97,14.18,36.05,25.45,94.29,6.04,154.19,coconut
19.07,12.92,36.73,25.36,94.48,5.99,190.85,coconut
20.89,16.36,28.11,28.13,96.83,5.58,196.54,coconut
18.14,14.12,31.77,26.46,94.44,5.62,188.47,coconut
20.82,16.84,33.57,22.76,99.49,5.89,172.55,coconut
11.66,19.06,28.82,28.2,95.07,6.0,190.67,coconut
22.72,19.99,32.93,27.33,96.92,5.16,226.43,coconut
20.51,19.44,31.65,29.82,96.41,6.22,176.73,coconut
19.66,16.08,25.13,28.07,94.73,5.75,155.32,coconut
21.88,17.15,32.84,24.74,93.63,5.5,166.21,coconut
15.27,18.22,26.6,23.39,95.46,6.18,184.38,coconut
28.72,11.73,34.76,26.1,95.82,5.89,150.93,coconut
20.59,18.71,28.32,26.27,93.65,6.26,177.54,coconut
20.42,12.63,30.35,29.1,95.13,6.03,180.71,coconut
17.14,23.12,36.49,27.38,97.27,5.9,198.03,coconut
21.1,15.79,32.99,29.44,98.94,5.85,194.65,coconut
26.55,16.45,26.68,25.02,96.51,6.04,187.97,coconut
25.14,14.69,26.94,29.14,98.53,5.78,142.56,coconut
24.42,15.11,28.6,28.7,93.54,5.64,188.82,coconut
23.19,23.82,32.58,23.77,96.2,6.08,185.58,coconut
19.57,19.82,32.43,29.78,97.48,5.86,178.84,coconut
15.2,12.35,27.63,27.57,93.01,5.91,149.05,coconut
20.2,21.51,26.33,28.11,93.83,6.23,163.35,coconut
20.06,20.58,32.13,25.84,98.28,5.87,157.5,coconut
25.2,16.16,30.27,29.7,92.85,5.9,144.77,coconut
22.24,17.92,39.63,25.27,92.12,5.72,174.96,coconut
27.45,16.96,31.15,28.9,97.86,6.03,163.03,coconut
25.79,22.92,38.26,28.88,97.19,6.0,214.38,coconut
19.17,14.61,26.32,25.65,95.66,6.17,172.47,coconut
13.82,17.44,24.71,30.97,94.71,5.73,194.41,coconut
26.54,15.72,26.52,27.82,93.92,5.76,151.46,coconut
26.44,12.7,35.76,28.58,95.36,6.14,167.05,coconut
15.54,23.57,38.02,24.65,97.96,5.98,176.45,coconut
27.04,13.46,27.87,31.21,95.28,5.63,161.38,coconut
22.53,17.66,29.16,25.2,99.13,6.29,168.67,coconut
21.64,11.78,26.32,29.24,93.0,5.39,171.73,coconut
27.46,15.8,23.75,25.61,94.76,6.14,171.49,coconut
26.38,18.27,33.87,26.29,94.05,5.52,202.83,coconut
23.61,14.53,31.89,28.82,92.63,6.47,180.67,coconut
22.89,18.76,31.04,29.25,94.49,5.44,182.19,coconut
23.47,16.19,25.4,25.11,95.63,6.25,183.09,coconut
19.4,20.48,37.56,29.36,95.85,5.88,184.19,coconut
20.78,21.09,28.99,29.28,99.14,5.79,173.76,coconut
17.39,15.24,33.13,25.71,95.73,5.96,170.19,coconut
19.67,17.23,25.18,30.28,97.1,6.09,177.5,coconut
19.53,17.55,30.24,24.78,94.93,5.63,192.35,coconut
18.46,18.86,32.17,26.28,98.16,5.66,191.89,coconut
21.55,17.04,32.31,28.26,99.6,6.09,171.39,coconut
19.7,17.57,31.62,25.86,95.86,5.39,186.52,coconut
23.01,16.27,32.98,27.87,92.81,5.72,172.08,coconut
14.51,17.35,26.48,27.83,93.7,6.81,175.51,coconut
20.55,20.89,31.79,27.06,95.36,5.61,167.9,coconut
21.53,18.94,31.46,28.9,95.71,6.24,172.28,coconut
19.76,19.1,31.93,26.99,96.2,5.72,195.12,coconut
20.31,19.17,31.29,27.82,95.72,6.05,176.39,coconut
14.66,16.54,25.91,29.46,94.81,6.1,177.03,coconut
22.43,17.96,25.73,28.82,93.53,6.24,153.29,coconut
23.59,13.74,22.14,28.81,95.6,5.84,170.36,coconut
22.97,20.81,34.27,25.33,98.51,6.5,171.38,coconut
25.15,8.65,34.31,28.34,96.84,5.72,162.56,coconut
21.81,16.74,34.37,25.82,95.87,5.97,175.32,coconut
22.91,20.42,32.23,25.09,96.86,5.97,168.56,coconut
21.62,12.91,22.47,27.27,94.06,5.56,176.2,coconut
23.75,18.2,26.89,25.77,93.78,5.81,176.82,coconut
14.69,14.96,31.68,28.82,93.3,5.95,160.66,coconut
17.43,15.89,31.54,28.87,94.55,5.77,169.02,coconut
27.35,19.84,30.11,23.98,93.96,6.63,176.16,coconut
11.16,17.59,32.48,25.91,97.22,5.65,192.76,coconut
20.44,10.9,31.05,24.77,93.85,6.25,178.85,coconut
25.69,14.07,31.48,26.57,93.19,6.16,165.07,coconut
20.63,19.93,28.44,28.22,98.69,5.9,180.99,coconut
19.38,18.35,34.93,26.96,93.9,5.64,200.61,coconut
21.52,22.24,29.28,26.34,95.11,5.67,188.75,coconut
19.59,22.05,25.68,29.74,95.7,5.74,183.21,coconut
21.12,15.97,27.92,23.25,92.53,5.36,185.88,coconut
18.27,24.51,29.61,29.63,97.27,5.6,196.6,coconut
25.43,17.07,34.98,26.42,96.07,5.46,191.13,coconut
26.69,14.11,30.83,27.26,97.92,6.3,183.5,coconut
20.47,15.1,30.26,26.45,93.44,6.09,191.03,coconut
15.45,10.23,26.01,30.18,95.0,6.14,158.78,coconut
18.9,21.82,34.14,25.18,94.88,6.08,152.47,coconut
118.57,40.74,20.29,22.22,77.06,6.94,79.59,cotton
117.69,41.11,19.71,24.11,73.84,6.21,78.19,cotton
111.56,45.74,21.3,27.63,76.09,7.88,79.63,cotton
125.26,42.14,20.61,26.7,76.8,6.71,73.6,cotton
98.37,41.57,21.15,25.82,81.89,7.2,68.1,cotton
111.65,46.53,23.05,25.59,84.41,6.89,63.24,cotton
112.15,38.47,21.65,25.4,73.91,6.58,78.95,cotton
100.64,40.96,18.52,26.32,81.21,6.53,76.55,cotton
131.95,56.27,15.63,23.09,75.09,7.53,74.59,cotton
103.41,48.3,24.0,21.29,82.32,7.28,90.58,cotton
111.12,42.27,18.29,24.14,77.31,7.68,73.12,cotton
126.08,48.09,17.58,22.36,75.59,6.92,91.33,cotton
123.46,48.84,13.79,21.89,83.0,7.02,92.99,cotton
105.92,50.97,20.02,22.56,77.45,6.79,64.39,cotton
123.82,45.36,19.45,28.97,78.54,6.79,80.74,cotton
119.9,50.88,14.45,24.27,70.92,6.48,76.8,cotton
140.0,35.81,20.36,24.72,83.59,6.93,56.71,cotton
121.04,40.72,17.51,21.56,83.08,6.58,68.44,cotton
115.59,46.82,27.07,20.31,79.82,7.08,86.2,cotton
108.43,47.65,17.29,22.36,73.69,6.97,96.15,cotton
109.56,41.44,17.69,26.88,84.64,7.02,87.22,cotton
108.74,47.3,16.38,24.67,77.13,7.57,82.59,cotton
130.71,42.88,22.83,25.2,77.99,6.88,79.83,cotton
117.18,44.62,17.88,25.48,89.05,7.2,93.46,cotton
122.65,51.12,16.83,22.82,76.99,7.72,97.19,cotton
132.14,50.54,21.12,26.78,82.77,7.42,75.31,cotton
93.42,41.01,14.86,22.73,82.05,7.36,64.0,cotton
129.79,40.71,20.88,26.81,81.36,6.78,63.21,cotton
117.55,43.94,24.34,24.88,80.93,6.99,90.58,cotton
121.35,45.87,20.7,20.42,81.31,6.37,79.62,cotton
108.72,42.71,20.91,22.5,80.89,7.1,81.47,cotton
109.45,51.2,21.61,20.43,79.59,7.01,65.67,cotton
121.89,47.74,24.13,26.33,85.85,6.91,73.97,cotton
140.0,48.03,22.63,23.95,74.55,7.31,77.64,cotton
127.03,39.67,20.32,19.54,83.89,6.42,81.66,cotton
129.66,51.84,21.71,24.75,83.09,7.55,76.81,cotton
115.08,31.9,16.34,22.93,82.59,7.26,71.7,cotton
111.0,50.17,21.33,21.03,84.27,6.87,73.72,cotton
109.19,50.67,15.98,27.36,79.43,6.84,89.67,cotton
112.12,43.84,17.9,24.21,72.32,7.09,81.96,cotton
96.47,52.36,9.75,23.41,79.51,7.51,84.9,cotton
109.75,45.68,20.2,23.2,75.84,6.94,72.81,cotton
111.4,46.31,17.07,20.97,76.87,6.96,56.37,cotton
115.25,47.7,22.33,21.39,74.83,6.91,75.82,cotton
118.32,61.93,20.17,26.57,77.89,7.61,73.07,cotton
120.62,52.72,22.37,23.05,77.41,6.75,82.79,cotton
116.85,49.51,15.75,24.04,70.29,6.89,106.29,cotton
111.19,41.44,22.12,19.91,82.6,7.49,85.56,cotton
97.37,46.72,25.32,21.36,88.68,6.96,101.89,cotton
111.25,41.93,21.29,25.22,82.22,7.35,84.55,cotton
107.28,50.11,21.37,24.76,78.99,6.54,74.96,cotton
121.66,46.7,19.51,27.51,79.58,6.82,82.78,cotton
126.09,40.38,17.43,26.69,78.12,7.49,94.25,cotton
126.39,46.41,21.28,23.54,80.16,6.63,94.64,cotton
124.57,41.75,14.48,24.95,79.65,6.84,75.4,cotton
115.66,46.76,17.75,23.37,76.44,7.0,82.03,cotton
111.78,41.7,13.69,28.11,86.53,6.5,68.57,cotton
109.53,46.14,16.89,26.3,73.85,6.73,86.6,cotton
101.93,49.75,20.93,24.34,82.67,6.95,92.43,cotton
126.92,45.73,20.52,24.4,79.4,6.92,80.32,cotton
115.25,44.05,19.15,26.89,87.4,7.41,74.66,cotton
104.54,47.02,19.51,25.16,81.16,7.52,82.88,cotton
108.74,49.49,13.34,27.12,78.36,6.56,83.34,cotton
108.33,40.46,17.88,19.61,78.81,6.94,80.65,cotton
117.43,47.3,16.96,24.92,79.96,7.17,81.43,cotton
127.67,52.59,17.02,22.97,75.23,7.51,78.61,cotton
113.52,48.87,20.8,27.51,76.73,7.19,87.97,cotton
94.47,46.29,16.42,27.09,72.66,7.02,85.89,cotton
115.11,49.2,17.19,24.07,76.11,7.17,72.14,cotton
115.44,48.26,12.74,27.07,80.18,7.17,71.92,cotton
114.75,49.77,18.12,27.57,81.0,6.53,77.97,cotton
110.73,35.88,15.74,24.15,71.88,6.98,85.89,cotton
119.17,38.23,19.24,28.94,79.25,7.48,81.18,cotton
117.66,51.02,16.15,23.94,82.05,6.82,74.85,cotton
116.75,38.47,19.31,23.57,79.15,6.95,82.09,cotton
121.13,48.01,18.57,25.73,77.26,6.8,77.35,cotton
112.7,44.24,24.02,23.29,78.15,5.97,87.04,cotton
112.13,41.02,20.49,24.17,77.64,6.91,82.66,cotton
130.8,47.75,13.48,26.82,77.25,7.02,77.48,cotton
122.59,47.01,15.21,24.04,80.5,6.7,81.85,cotton
125.27,56.55,19.17,20.61,89.03,6.44,90.52,cotton
129.26,42.88,16.21,24.73,76.83,6.55,75.44,cotton
122.26,53.2,10.09,22.61,78.53,7.21,83.22,cotton
126.28,47.76,23.05,25.73,79.59,7.69,79.44,cotton
101.21,42.69,21.16,25.39,77.05,7.45,83.42,cotton
119.04,50.0,20.56,26.94,84.19,6.36,74.76,cotton
115.17,48.83,17.18,25.82,70.32,7.24,80.88,cotton
133.78,46.18,20.28,26.18,77.68,6.63,88.86,cotton
126.28,47.33,16.89,22.66,83.07,6.67,72.5,cotton
110.7,43.02,19.61,25.61,78.62,6.72,69.36,cotton
120.73,41.87,16.24,27.94,76.52,7.18,69.67,cotton
118.68,49.8,23.55,22.62,81.56,7.28,70.63,cotton
121.54,44.88,14.29,27.6,83.43,6.86,84.76,cotton
106.81,45.6,22.7,22.9,80.64,6.87,68.75,cotton
120.6,47.4,19.12,22.3,76.6,7.09,77.62,cotton
114.72,47.33,17.53,24.59,81.62,7.13,84.95,cotton
119.82,38.85,19.5,25.43,78.19,7.37,83.33,cotton
109.76,52.43,21.2,25.82,82.78,6.39,76.92,cotton
111.15,46.61,23.1,22.08,85.73,6.91,81.53,cotton
128.74,44.99,19.94,24.87,69.38,6.47,80.86,cotton
76.21,35.19,34.4,25.16,79.38,7.05,193.96,jute
76.31,43.89,40.73,23.54,74.41,6.71,202.32,jute
95.88,51.02,34.69,27.56,83.08,6.94,178.97,jute
84.47,43.88,40.66,22.3,82.57,6.92,181.6,jute
97.85,42.31,45.5,24.3,76.9,6.86,142.0,jute
74.02,57.39,38.88,23.65,82.43,6.6,205.5,jute
77.32,55.1,35.31,22.81,81.1,6.75,165.37,jute
67.34,48.34,39.49,24.4,74.48,6.52,160.0,jute
71.52,51.69,36.67,23.34,76.18,6.7,170.17,jute
93.22,34.87,42.38,24.92,84.15,6.35,196.68,jute
73.82,42.06,39.41,24.95,80.84,6.46,207.12,jute
93.35,43.65,46.84,23.78,77.34,6.62,175.88,jute
68.05,44.82,44.65,24.23,76.17,6.42,188.97,jute
69.57,43.55,39.39,24.48,77.54,6.55,174.65,jute
75.27,33.25,42.86,26.36,77.82,6.65,158.43,jute
77.49,47.93,38.43,24.63,76.22,6.82,196.15,jute
85.38,48.72,40.14,26.38,72.63,6.98,164.67,jute
81.61,54.01,38.55,25.95,84.16,6.56,197.03,jute
74.67,42.06,43.07,25.93,83.48,7.1,193.48,jute
76.93,41.65,45.73,27.4,74.51,6.98,183.21,jute
75.45,32.6,43.19,22.89,80.15,6.85,201.43,jute
70.68,44.53,43.69,24.05,75.99,6.75,207.49,jute
70.9,50.51,43.69,28.07,78.55,6.8,171.37,jute
86.22,42.94,42.21,24.44,78.22,7.06,161.87,jute
63.37,56.72,35.44,19.83,77.89,7.07,146.04,jute
90.94,44.72,46.8,24.53,87.61,7.1,207.67,jute
75.26,46.73,47.22,25.14,77.84,6.71,167.4,jute
71.82,39.18,39.06,20.19,76.37,6.87,191.03,jute
83.92,47.44,38.52,27.3,76.55,7.1,162.88,jute
89.88,36.1,42.45,23.62,83.78,6.51,197.07,jute
86.94,49.47,42.2,25.49,72.99,6.6,163.5,jute
82.01,49.62,39.19,24.49,76.55,6.7,156.12,jute
86.69,52.8,35.0,22.58,85.39,6.97,170.87,jute
64.27,40.9,41.22,22.97,80.58,6.97,166.02,jute
73.83,46.8,42.21,23.22,80.37,6.63,182.94,jute
70.71,48.82,42.9,26.85,88.13,6.25,173.23,jute
87.8,48.21,41.4,24.63,80.59,6.77,183.42,jute
74.93,41.67,38.92,23.96,76.77,6.42,169.63,jute
84.76,34.04,43.98,23.22,78.47,6.25,164.02,jute
82.29,47.73,40.26,27.05,75.06,6.32,165.25,jute
71.1,45.24,38.14,27.54,84.62,6.8,204.67,jute
73.3,43.17,39.28,27.03,81.9,7.11,177.38,jute
88.35,49.82,33.02,25.79,84.1,6.71,144.24,jute
71.8,45.78,39.27,25.42,84.45,6.76,166.2,jute
79.0,39.4,42.75,22.71,77.94,7.05,175.45,jute
71.74,36.34,41.36,24.46,75.82,6.24,201.68,jute
75.49,40.36,46.08,23.67,79.39,6.86,189.43,jute
77.63,57.97,38.95,21.61,76.11,6.7,160.17,jute
71.74,49.61,41.95,26.8,80.26,6.87,210.28,jute
70.32,46.94,43.17,23.65,84.13,6.55,173.53,jute
80.29,45.09,49.37,27.05,78.93,6.45,192.69,jute
71.24,44.76,40.58,26.49,80.2,6.74,156.67,jute
71.51,51.84,35.82,25.9,79.22,7.19,138.03,jute
70.49,43.55,43.39,26.0,82.81,6.96,152.87,jute
77.38,48.88,47.46,23.79,76.93,6.55,125.24,jute
85.55,44.26,38.71,28.24,70.81,6.3,205.68,jute
90.05,55.7,43.36,24.98,81.48,6.2,177.22,jute
72.19,49.71,44.91,25.44,83.55,7.09,160.13,jute
95.2,52.23,44.07,23.73,81.39,6.41,180.79,jute
69.96,43.08,40.5,23.22,77.04,6.6,176.84,jute
86.67,51.29,37.21,25.76,75.06,7.1,183.31,jute
72.23,44.44,39.67,25.29,81.58,6.22,192.14,jute
71.03,46.55,41.83,23.48,80.17,7.15,169.65,jute
72.04,54.18,43.63,22.31,79.1,6.62,160.8,jute
77.58,40.79,41.34,22.61,86.89,6.36,186.42,jute
82.64,47.02,38.48,27.05,75.81,6.63,186.03,jute
83.36,48.19,42.22,23.8,86.7,6.48,175.51,jute
70.45,48.6,43.44,24.29,79.73,6.83,206.66,jute
70.08,43.75,41.52,27.51,72.26,6.51,167.43,jute
70.67,56.43,36.66,22.88,78.88,6.13,160.5,jute
77.11,39.53,39.27,23.59,83.44,6.63,180.27,jute
76.32,53.29,43.79,23.52,78.14,6.29,163.88,jute
70.4,52.08,34.47,27.81,73.7,6.76,181.43,jute
80.16,55.5,31.63,28.49,78.94,6.34,161.5,jute
96.1,38.06,46.03,26.25,76.17,6.55,168.0,jute
73.96,41.66,42.05,26.31,81.57,6.75,202.36,jute
74.53,53.46,42.43,23.86,82.69,6.64,167.92,jute
82.48,36.61,35.69,28.41,75.37,6.78,162.02,jute
73.53,37.97,42.95,25.38,76.78,6.9,191.56,jute
83.35,43.56,41.1,26.44,82.63,6.35,158.23,jute
72.25,46.96,33.66,24.71,76.16,6.68,163.61,jute
92.66,53.96,45.7,24.42,75.27,5.7,182.65,jute
80.76,45.07,40.63,27.89,74.89,6.77,188.08,jute
73.04,42.96,38.42,25.87,81.01,6.61,192.31,jute
73.29,47.56,38.49,27.51,80.84,6.4,162.79,jute
73.89,48.35,31.94,25.36,76.86,6.79,182.94,jute
88.98,48.21,42.37,23.37,79.62,7.05,167.01,jute
67.85,45.11,41.05,23.85,85.71,6.56,164.92,jute
72.66,36.22,39.22,25.09,75.7,6.42,192.05,jute
73.51,41.41,45.11,23.77,71.79,6.75,165.76,jute
77.87,53.1,34.46,22.91,81.42,6.3,178.17,jute
75.83,46.94,37.61,27.06,79.16,6.5,176.33,jute
66.07,44.39,36.6,23.92,76.76,7.07,157.94,jute
74.8,51.59,38.88,25.15,82.21,6.72,188.49,jute
77.2,40.35,40.27,25.43,82.96,6.14,182.4,jute
72.98,44.87,41.72,23.84,70.77,6.16,144.21,jute
83.49,46.69,38.61,27.51,76.99,6.75,178.16,jute
85.36,43.79,36.49,22.89,88.87,6.96,162.41,jute
77.37,46.5,46.74,25.37,81.93,6.21,190.46,jute
79.84,45.06,49.65,25.34,82.3,6.83,152.32,jute
97.79,27.2,27.81,25.24,63.59,7.09,123.96,coffee
104.26,30.97,31.06,25.44,52.02,7.03,173.23,coffee
101.49,19.72,27.99,25.62,61.37,6.41,165.31,coffee
107.87,28.16,29.02,27.2,51.63,7.0,154.1,coffee
87.33,30.05,24.14,24.16,60.1,6.91,165.88,coffee
115.87,25.35,34.53,23.98,65.15,6.98,144.31,coffee
105.73,28.3,32.04,27.73,56.85,6.95,159.01,coffee
113.24,25.49,33.17,24.67,56.67,6.94,169.13,coffee
108.87,25.08,35.16,23.23,60.14,7.61,114.68,coffee
100.9,26.37,26.7,24.63,56.38,6.78,151.74,coffee
89.44,25.16,28.57,24.91,64.97,7.08,157.68,coffee
95.93,30.73,22.42,28.3,58.47,6.66,155.25,coffee
115.31,25.06,42.56,27.16,56.42,7.04,178.4,coffee
113.47,24.39,29.4,27.57,55.54,7.08,142.27,coffee
95.42,35.07,34.15,26.98,53.97,6.91,149.3,coffee
75.64,31.84,25.05,27.2,55.19,7.3,131.18,coffee
99.09,20.55,33.99,24.26,56.3,6.53,179.14,coffee
98.41,24.94,37.43,25.14,55.75,6.65,154.55,coffee
98.75,28.97,29.76,23.72,55.07,6.86,151.86,coffee
105.76,29.3,25.96,25.12,66.1,7.06,157.27,coffee
108.89,22.04,29.44,26.73,53.58,6.85,166.91,coffee
109.91,32.63,21.09,25.74,58.29,7.19,162.86,coffee
105.01,31.3,29.85,27.86,60.07,6.6,195.07,coffee
84.79,29.93,33.28,23.45,60.22,6.46,164.36,coffee
97.93,33.43,29.86,26.4,57.47,6.89,151.49,coffee
121.74,29.81,28.86,23.25,56.74,6.78,150.14,coffee
104.37,29.79,32.11,25.67,59.51,6.96,152.5,coffee
104.31,34.23,32.42,26.83,58.77,6.79,136.97,coffee
104.24,32.4,23.36,25.11,56.66,6.7,158.56,coffee
104.74,24.63,30.36,26.49,51.45,6.78,168.97,coffee
79.55,30.53,39.74,23.77,55.83,6.81,149.41,coffee
98.84,25.34,24.66,22.51,53.11,6.71,146.7,coffee
100.66,30.02,29.66,26.5,55.03,6.74,179.22,coffee
112.53,29.91,37.77,28.64,57.83,6.68,138.03,coffee
101.43,22.47,34.42,23.71,59.13,7.06,129.05,coffee
86.18,27.51,27.95,27.7,64.82,6.86,141.86,coffee
104.87,29.06,30.82,25.58,55.55,7.48,136.43,coffee
93.77,26.25,29.99,23.1,60.8,6.85,163.41,coffee
90.05,29.26,27.01,23.46,58.92,6.63,152.95,coffee
93.49,31.22,29.7,25.53,62.88,7.6,154.92,coffee
105.88,27.88,28.88,24.77,60.0,6.92,174.14,coffee
112.33,28.9,30.45,23.14,53.67,7.1,148.32,coffee
105.35,33.53,27.01,22.45,50.81,6.98,168.85,coffee
106.69,29.89,24.89,23.98,58.95,6.99,179.16,coffee
105.26,28.8,29.83,25.85,55.59,6.96,151.62,coffee
101.91,24.17,36.86,25.49,53.78,6.47,168.32,coffee
107.27,30.68,30.33,24.6,52.63,6.91,154.61,coffee
79.23,29.32,28.67,25.86,58.34,6.4,170.94,coffee
102.0,33.13,33.02,27.37,63.73,6.75,136.0,coffee
91.6,28.19,29.37,26.21,56.07,6.58,134.96,coffee
111.47,20.73,37.47,25.28,60.06,6.91,152.52,coffee
99.68,21.2,29.98,27.17,57.29,6.9,145.56,coffee
101.28,30.94,32.8,23.77,52.54,6.94,150.77,coffee
87.45,25.72,26.98,25.1,60.64,6.89,154.93,coffee
110.15,29.75,32.01,25.14,53.32,6.62,168.08,coffee
106.65,28.46,31.1,23.27,57.79,6.72,152.29,coffee
106.01,27.33,29.77,24.74,56.33,7.08,146.47,coffee
93.68,27.61,27.99,21.77,61.27,7.12,153.08,coffee
94.04,24.54,27.45,28.94,53.47,6.46,147.23,coffee
103.01,27.94,31.13,23.81,59.26,6.34,144.92,coffee
94.75,25.66,32.52,28.36,54.34,6.58,135.42,coffee
104.91,26.51,29.49,25.57,55.66,7.11,158.97,coffee
81.55,26.71,31.15,26.52,43.16,7.16,150.04,coffee
96.61,27.09,29.85,24.62,66.07,6.52,171.53,coffee
117.17,31.69,30.39,25.87,59.9,6.89,137.74,coffee
104.96,27.48,29.2,26.67,54.63,7.35,150.41,coffee
102.5,32.09,30.07,26.7,53.2,6.92,183.38,coffee
118.87,34.15,40.79,26.89,55.72,7.23,144.85,coffee
79.98,31.42,31.25,24.84,60.57,7.1,154.69,coffee
93.66,30.14,32.58,24.64,50.13,6.53,140.98,coffee
97.39,29.31,31.75,22.63,57.13,6.74,139.12,coffee
108.73,31.46,28.95,26.44,64.78,6.81,179.66,coffee
108.88,28.36,35.18,27.45,53.16,6.83,160.39,coffee
93.21,31.94,28.84,28.41,58.02,7.07,159.87,coffee
109.98,30.46,34.22,26.05,66.51,6.92,134.25,coffee
97.37,26.56,28.66,24.12,60.23,5.92,163.02,coffee
111.9,31.58,26.16,22.45,58.2,6.41,174.2,coffee
91.71,28.37,31.46,27.38,59.73,6.14,174.09,coffee
99.89,27.58,25.58,22.27,56.1,6.85,167.36,coffee
96.59,26.1,32.14,24.89,62.9,6.87,142.19,coffee
110.5,28.66,25.22,25.1,56.1,6.88,162.38,coffee
96.29,31.99,28.72,25.37,49.86,6.51,167.35,coffee
100.62,31.56,24.27,25.56,56.13,7.0,132.88,coffee
105.56,29.41,41.3,25.75,53.83,7.01,142.3,coffee
105.91,30.4,23.38,21.15,56.58,6.42,170.43,coffee
108.98,33.09,30.04,25.53,56.66,6.36,170.26,coffee
102.9,27.4,34.57,21.49,62.49,6.8,136.32,coffee
97.24,23.54,34.15,26.82,60.48,7.34,169.13,coffee
97.85,33.2,33.41,24.5,58.75,7.31,159.33,coffee
101.23,25.88,28.73,21.62,57.69,6.97,168.93,coffee
103.25,25.24,35.4,24.03,53.46,6.58,149.12,coffee
99.68,20.82,33.65,24.47,48.98,7.07,167.03,coffee
101.17,30.29,30.85,27.64,58.15,6.66,169.81,coffee
87.34,21.51,30.96,25.85,60.88,6.57,153.08,coffee
107.01,25.0,28.78,26.12,57.27,6.16,158.25,coffee
102.63,30.35,26.36,27.63,55.56,6.83,148.92,coffee
110.02,30.89,34.95,25.33,59.56,6.61,181.12,coffee
101.0,25.39,35.25,26.86,57.37,6.83,156.32,coffee
85.35,27.46,26.46,26.73,64.44,6.11,145.09,coffee
97.77,24.51,29.38,23.18,62.63,6.85,147.98,coffee
